CompanyName,Cpu,Ram,Memory,Gpu,Price
MSI,Intel Core i7,12GB,512GB SSD,Intel Iris Xe Graphics,35844.09937
Chuwi,Intel Core i5,12GB,128GB PCIe SSD,Intel Iris Xe Graphics,37019.05905
hp,Intel Xeon E3-1505M ,8GB,1TB HDD,Intel Iris Xe Graphics,33329.36034
MSI,Intel Core i7,16GB,512GB NVMe SSD,Intel Iris Xe Graphics,68631.10249
Microsoft,Intel Core i5,8GB,512GB SSD,AMD Radeon RX 5600M,33842.47957
Apple,Intel Atom x5-Z8550,16GB,1TB NVMe SSD,NVIDIA GeForce GTX 1650,83937.48425
lenevo,Intel Xeon E3-1505M ,8GB,512GB SSD,Intel Iris Xe Graphics,62896.01739
Asus,Intel Celeron Dual Core 3855U ,12GB,256GB PCIe SSD,NVIDIA GeForce GTX 1650,35919.07283
Microsoft,Intel Core i9,12GB,128GB SSD,NVIDIA GeForce GTX 1650,45011.85191
Microsoft,AMD A9-Series 9420,8GB,128GB PCIe SSD,NVIDIA GeForce GTX 1650,52669.31083
Microsoft,AMD Ryzen 5,8GB,512GB NVMe SSD,Intel Iris Xe Graphics,44787.6721
MSI,Intel Core i7,4GB,256GB PCIe SSD,AMD Radeon RX 5600M,57579.42957
Acer,Intel Core i5,4GB,1TB Fusion Drive,NVIDIA GeForce GTX 1650,41623.57766
Apple,Intel Core i7,8GB,4TB HDD,NVIDIA GeForce GTX 1650,34169.16621
Acer,AMD Ryzen 7,16GB,512GB SSD,AMD Radeon RX 5600M,67996.98486
Chuwi,Intel Core i9,16GB,2TB NVMe SSD,NVIDIA GeForce GTX 1650,41011.30407
Apple,Intel Core i7,8GB,256GB Flash Storage,Intel Iris Xe Graphics,47162.65146
Microsoft,Intel Xeon E3-1505M ,4GB,6TB HDD,NVIDIA GeForce GTX 1650,32270.29346
hp,AMD Ryzen 5,4GB,1TB Fusion Drive,AMD Radeon RX 5600M,51050.69802
Chuwi,Intel Core i9,12GB,2TB NVMe SSD,AMD Radeon RX 5600M,64759.50341
Dell,AMD A9-Series 9420,12GB,1TB Fusion Drive,Intel Iris Xe Graphics,35381.34998
MSI,Intel Core i9,4GB,512GB eMMC,AMD Radeon RX 5600M,58607.32844
Asus,Intel Celeron Dual Core 3855U ,8GB,256GB eMMC,AMD Radeon RX 5600M,57349.57657
Dell,Intel Pentium Quad Core N4200,8GB,256GB PCIe SSD,NVIDIA GeForce GTX 1650,80798.39023
Chuwi,Intel Core i7,12GB,2TB SATA SSD,NVIDIA GeForce GTX 1650,38326.63427
Asus,Intel Pentium Quad Core N4200,4GB,512GB NVMe SSD,NVIDIA GeForce GTX 1650,30718.8223
Asus,AMD Ryzen 7,16GB,1TB Fusion Drive,NVIDIA GeForce GTX 1650,43514.93475
hp,Intel Core i9,4GB,256GB Flash Storage,AMD Radeon RX 5600M,64743.61642
MSI,AMD Ryzen 7,16GB,512GB NVMe SSD,AMD Radeon RX 5600M,52172.81281
Asus,AMD A9-Series 9420,16GB,2TB SATA SSD,Intel Iris Xe Graphics,48954.9204
Acer,AMD Ryzen 7,16GB,256GB PCIe SSD,NVIDIA GeForce GTX 1650,53738.41244
Microsoft,Intel Pentium Quad Core N4200,16GB,1TB SSHD,NVIDIA GeForce GTX 1650,47148.78946
Acer,Intel Core i7,12GB,512GB NVMe SSD,AMD Radeon RX 5600M,37392.91775
Dell,AMD Ryzen 7,4GB,1TB SSHD,AMD Radeon RX 5600M,69086.96774
Dell,Intel Core i5,8GB,256GB Flash Storage,NVIDIA GeForce GTX 1650,81181.35561
hp,AMD Ryzen 7,4GB,256GB SSD,Intel Iris Xe Graphics,56122.05039
hp,Intel Atom x5-Z8550,16GB,2TB SATA SSD,NVIDIA GeForce GTX 1650,49294.29248
Apple,Intel Core i5,16GB,256GB PCIe SSD,AMD Radeon RX 5600M,68607.14692
Microsoft,Intel Core i5,4GB,512GB NVMe SSD,AMD Radeon RX 5600M,68551.97408
Apple,AMD Ryzen 5,16GB,1TB HDD,NVIDIA GeForce GTX 1650,45213.13412
Apple,Intel Core i5,8GB,2TB SATA SSD,AMD Radeon RX 5600M,45868.18425
MSI,Intel Pentium Quad Core N4200,4GB,256GB Flash Storage,AMD Radeon RX 5600M,44571.33689
Chuwi,Intel Core i5,8GB,1TB NVMe SSD,Intel Iris Xe Graphics,33083.81129
Microsoft,AMD Ryzen 5,12GB,1TB NVMe SSD,NVIDIA GeForce GTX 1650,53119.17472
lenevo,Intel Core i5,12GB,1TB SSHD,AMD Radeon RX 5600M,50204.14926
Asus,Intel Core i5,16GB,256GB SSD,NVIDIA GeForce GTX 1650,49590.19104
hp,Intel Pentium Quad Core N4200,12GB,512GB eMMC,AMD Radeon RX 5600M,69429.34645
Acer,Intel Core i7,4GB,2TB SATA SSD,AMD Radeon RX 5600M,30080.22503
Microsoft,Intel Core i9,8GB,2TB HDD,Intel Iris Xe Graphics,56819.15885
Dell,AMD Ryzen 5,12GB,1TB SSHD,Intel Iris Xe Graphics,66498.91207
Apple,AMD A9-Series 9420,16GB,128GB PCIe SSD,AMD Radeon RX 5600M,67815.62809
lenevo,AMD Ryzen 5,4GB,1TB Fusion Drive,NVIDIA GeForce GTX 1650,45228.36857
lenevo,AMD Ryzen 7,12GB,512GB SSD,Intel Iris Xe Graphics,51853.55628
Acer,Intel Pentium Quad Core N4200,12GB,256GB PCIe SSD,AMD Radeon RX 5600M,32709.66253
Asus,Intel Core i9,4GB,1TB Fusion Drive,Intel Iris Xe Graphics,59530.06849
Dell,Intel Celeron Dual Core 3855U ,8GB,4TB HDD,Intel Iris Xe Graphics,92504.85333
Dell,Intel Atom x5-Z8550,8GB,256GB Flash Storage,Intel Iris Xe Graphics,71431.63592
MSI,Intel Celeron Dual Core 3855U ,16GB,2TB HDD,Intel Iris Xe Graphics,61479.84935
Dell,Intel Atom x5-Z8550,12GB,512GB SSD,NVIDIA GeForce GTX 1650,69801.71589
Apple,AMD Ryzen 5,12GB,256GB SSD,AMD Radeon RX 5600M,39445.71065
Asus,Intel Atom x5-Z8550,12GB,256GB Flash Storage,NVIDIA GeForce GTX 1650,68173.88309
Microsoft,Intel Core i5,16GB,256GB PCIe SSD,Intel Iris Xe Graphics,32579.90262
hp,Intel Celeron Dual Core 3855U ,8GB,128GB SSD,AMD Radeon RX 5600M,67721.97438
Asus,Intel Xeon E3-1505M ,12GB,1TB SSHD,Intel Iris Xe Graphics,30846.1882
Acer,Intel Pentium Quad Core N4200,16GB,512GB NVMe SSD,NVIDIA GeForce GTX 1650,34556.77002
Acer,Intel Atom x5-Z8550,4GB,1TB Fusion Drive,NVIDIA GeForce GTX 1650,67418.65046
Acer,AMD Ryzen 5,16GB,4TB HDD,Intel Iris Xe Graphics,41677.40206
MSI,Intel Pentium Quad Core N4200,8GB,1TB HDD,Intel Iris Xe Graphics,59762.84788
Chuwi,AMD Ryzen 5,12GB,4TB HDD,NVIDIA GeForce GTX 1650,39022.23733
lenevo,Intel Xeon E3-1505M ,4GB,1TB SSHD,NVIDIA GeForce GTX 1650,39660.95063
Acer,Intel Core i7,16GB,6TB HDD,AMD Radeon RX 5600M,62535.1801
Apple,Intel Pentium Quad Core N4200,8GB,1TB SSHD,Intel Iris Xe Graphics,34671.09464
Asus,Intel Xeon E3-1505M ,8GB,256GB Flash Storage,NVIDIA GeForce GTX 1650,66760.04997
Dell,AMD Ryzen 7,8GB,256GB Flash Storage,Intel Iris Xe Graphics,75580.83496
Chuwi,Intel Celeron Dual Core 3855U ,16GB,512GB NVMe SSD,NVIDIA GeForce GTX 1650,45314.71351
Apple,Intel Celeron Dual Core 3855U ,12GB,1TB HDD,Intel Iris Xe Graphics,33174.79737
hp,Intel Core i7,16GB,4TB HDD,Intel Iris Xe Graphics,67833.3791
Acer,Intel Celeron Dual Core 3855U ,12GB,256GB PCIe SSD,NVIDIA GeForce GTX 1650,69349.72146
lenevo,Intel Core i7,4GB,256GB eMMC,Intel Iris Xe Graphics,40051.11126
hp,Intel Core i5,4GB,128GB PCIe SSD,NVIDIA GeForce GTX 1650,41646.19353
Microsoft,AMD Ryzen 7,8GB,256GB PCIe SSD,Intel Iris Xe Graphics,67447.89673
lenevo,Intel Core i7,16GB,512GB NVMe SSD,AMD Radeon RX 5600M,40402.14575
lenevo,Intel Xeon E3-1505M ,4GB,1TB HDD,AMD Radeon RX 5600M,52587.59246
Asus,AMD Ryzen 7,4GB,128GB SSD,Intel Iris Xe Graphics,52256.39524
Apple,AMD Ryzen 7,8GB,512GB eMMC,NVIDIA GeForce GTX 1650,55955.29074
Asus,Intel Atom x5-Z8550,16GB,512GB eMMC,AMD Radeon RX 5600M,48330.04633
Acer,Intel Pentium Quad Core N4200,8GB,4TB HDD,Intel Iris Xe Graphics,60957.02389
Dell,Intel Atom x5-Z8550,8GB,128GB SSD,NVIDIA GeForce GTX 1650,86972.09068
lenevo,Intel Pentium Quad Core N4200,4GB,1TB NVMe SSD,Intel Iris Xe Graphics,47307.20949
Asus,Intel Core i7,12GB,512GB SSD,NVIDIA GeForce GTX 1650,39473.67271
hp,Intel Core i7,4GB,256GB SSD,AMD Radeon RX 5600M,33494.70033
Chuwi,AMD Ryzen 5,8GB,2TB HDD,AMD Radeon RX 5600M,60088.17636
Dell,Intel Xeon E3-1505M ,16GB,1TB HDD,NVIDIA GeForce GTX 1650,46873.53393
Apple,Intel Atom x5-Z8550,12GB,2TB HDD,NVIDIA GeForce GTX 1650,54044.94266
Microsoft,Intel Core i7,8GB,2TB HDD,Intel Iris Xe Graphics,40210.21711
Dell,Intel Atom x5-Z8550,8GB,256GB eMMC,NVIDIA GeForce GTX 1650,67823.17559
lenevo,Intel Core i7,8GB,2TB SATA SSD,Intel Iris Xe Graphics,63331.16898
Chuwi,Intel Pentium Quad Core N4200,8GB,512GB eMMC,NVIDIA GeForce GTX 1650,54258.07252
Microsoft,Intel Celeron Dual Core 3855U ,16GB,4TB HDD,Intel Iris Xe Graphics,45718.63348
hp,Intel Atom x5-Z8550,4GB,1TB SSHD,Intel Iris Xe Graphics,62212.10754
hp,Intel Pentium Quad Core N4200,4GB,128GB SSD,Intel Iris Xe Graphics,55533.06945
Dell,Intel Celeron Dual Core 3855U ,12GB,512GB SSD,Intel Iris Xe Graphics,50059.72817
Asus,AMD A9-Series 9420,16GB,256GB SSD,AMD Radeon RX 5600M,66919.65832
Chuwi,Intel Pentium Quad Core N4200,4GB,512GB SSD,Intel Iris Xe Graphics,58107.6805
MSI,Intel Core i5,16GB,6TB HDD,Intel Iris Xe Graphics,42365.7921
Apple,Intel Core i7,8GB,2TB SATA SSD,NVIDIA GeForce GTX 1650,66606.12997
Asus,AMD Ryzen 5,12GB,128GB PCIe SSD,NVIDIA GeForce GTX 1650,62505.87973
Acer,Intel Celeron Dual Core 3855U ,16GB,128GB SSD,NVIDIA GeForce GTX 1650,51203.82643
MSI,Intel Xeon E3-1505M ,8GB,256GB Flash Storage,Intel Iris Xe Graphics,44970.18553
MSI,Intel Core i7,16GB,1TB SSHD,Intel Iris Xe Graphics,50451.95807
Acer,Intel Celeron Dual Core 3855U ,4GB,1TB NVMe SSD,AMD Radeon RX 5600M,53877.52162
lenevo,Intel Celeron Dual Core 3855U ,12GB,256GB eMMC,AMD Radeon RX 5600M,39264.59973
Acer,Intel Core i5,16GB,2TB SATA SSD,NVIDIA GeForce GTX 1650,37143.39412
Chuwi,AMD Ryzen 5,12GB,512GB NVMe SSD,NVIDIA GeForce GTX 1650,39654.42513
Microsoft,AMD Ryzen 7,12GB,4TB HDD,AMD Radeon RX 5600M,35248.68565
Chuwi,Intel Core i9,12GB,4TB HDD,AMD Radeon RX 5600M,45666.60182
lenevo,AMD Ryzen 5,16GB,256GB PCIe SSD,AMD Radeon RX 5600M,44755.06246
Acer,Intel Core i5,8GB,256GB SSD,NVIDIA GeForce GTX 1650,55763.54818
Chuwi,Intel Core i9,8GB,1TB HDD,NVIDIA GeForce GTX 1650,49028.2398
Microsoft,Intel Core i9,12GB,2TB HDD,NVIDIA GeForce GTX 1650,37457.29296
Apple,Intel Core i7,8GB,512GB NVMe SSD,AMD Radeon RX 5600M,62477.21482
Microsoft,Intel Atom x5-Z8550,8GB,256GB eMMC,Intel Iris Xe Graphics,60347.38182
MSI,Intel Core i5,12GB,4TB HDD,Intel Iris Xe Graphics,67262.17372
Apple,Intel Pentium Quad Core N4200,12GB,256GB PCIe SSD,AMD Radeon RX 5600M,39941.32124
hp,Intel Core i9,12GB,256GB SSD,AMD Radeon RX 5600M,70714.53457
Dell,AMD Ryzen 5,4GB,1TB SSHD,Intel Iris Xe Graphics,35630.29536
Acer,AMD A9-Series 9420,12GB,1TB Fusion Drive,AMD Radeon RX 5600M,42881.44197
Acer,AMD Ryzen 5,12GB,1TB SSHD,NVIDIA GeForce GTX 1650,64457.38151
hp,AMD A9-Series 9420,16GB,1TB NVMe SSD,Intel Iris Xe Graphics,63003.84726
Asus,AMD Ryzen 7,8GB,256GB PCIe SSD,Intel Iris Xe Graphics,34364.92872
Asus,Intel Core i7,4GB,2TB SATA SSD,NVIDIA GeForce GTX 1650,46670.01639
Acer,Intel Xeon E3-1505M ,4GB,1TB NVMe SSD,AMD Radeon RX 5600M,60431.6273
Acer,Intel Core i9,8GB,256GB eMMC,AMD Radeon RX 5600M,61495.66407
hp,Intel Celeron Dual Core 3855U ,4GB,2TB SATA SSD,NVIDIA GeForce GTX 1650,43598.65316
hp,Intel Atom x5-Z8550,16GB,2TB NVMe SSD,NVIDIA GeForce GTX 1650,53337.3738
Acer,AMD Ryzen 7,16GB,2TB NVMe SSD,NVIDIA GeForce GTX 1650,65893.90917
hp,Intel Xeon E3-1505M ,16GB,128GB PCIe SSD,Intel Iris Xe Graphics,31498.9674
lenevo,AMD Ryzen 5,4GB,128GB PCIe SSD,NVIDIA GeForce GTX 1650,62502.15516
hp,Intel Core i5,4GB,2TB NVMe SSD,AMD Radeon RX 5600M,44155.68792
Chuwi,Intel Atom x5-Z8550,16GB,1TB Fusion Drive,AMD Radeon RX 5600M,53207.15536
Dell,Intel Celeron Dual Core 3855U ,8GB,256GB PCIe SSD,NVIDIA GeForce GTX 1650,73789.39077
hp,Intel Core i7,12GB,128GB PCIe SSD,AMD Radeon RX 5600M,64808.04651
hp,Intel Core i5,16GB,2TB NVMe SSD,AMD Radeon RX 5600M,45674.3263
MSI,Intel Xeon E3-1505M ,4GB,128GB PCIe SSD,Intel Iris Xe Graphics,65229.9261
Apple,Intel Core i5,16GB,4TB HDD,AMD Radeon RX 5600M,43247.91462
Dell,Intel Celeron Dual Core 3855U ,4GB,128GB PCIe SSD,NVIDIA GeForce GTX 1650,52868.68172
hp,Intel Celeron Dual Core 3855U ,8GB,1TB SSHD,Intel Iris Xe Graphics,35035.48052
lenevo,Intel Core i5,4GB,2TB SATA SSD,AMD Radeon RX 5600M,45026.809
Acer,Intel Atom x5-Z8550,12GB,1TB SSHD,AMD Radeon RX 5600M,30196.69234
Asus,Intel Core i7,12GB,1TB HDD,Intel Iris Xe Graphics,32845.9769
Asus,Intel Core i9,4GB,1TB HDD,AMD Radeon RX 5600M,30854.29142
Microsoft,Intel Xeon E3-1505M ,4GB,256GB Flash Storage,Intel Iris Xe Graphics,64418.12792
hp,Intel Atom x5-Z8550,12GB,256GB eMMC,Intel Iris Xe Graphics,69744.35896
Apple,AMD Ryzen 5,16GB,128GB SSD,NVIDIA GeForce GTX 1650,60057.63165
hp,Intel Xeon E3-1505M ,8GB,2TB NVMe SSD,AMD Radeon RX 5600M,34122.86871
MSI,Intel Xeon E3-1505M ,8GB,2TB HDD,AMD Radeon RX 5600M,60546.90992
hp,Intel Core i7,12GB,128GB PCIe SSD,AMD Radeon RX 5600M,78174.58572
Chuwi,Intel Core i9,8GB,6TB HDD,NVIDIA GeForce GTX 1650,38120.87921
Dell,Intel Xeon E3-1505M ,8GB,256GB PCIe SSD,NVIDIA GeForce GTX 1650,87478.33193
Apple,AMD Ryzen 5,8GB,256GB SSD,AMD Radeon RX 5600M,31914.41192
MSI,Intel Celeron Dual Core 3855U ,16GB,1TB HDD,NVIDIA GeForce GTX 1650,66859.23601
Chuwi,Intel Xeon E3-1505M ,12GB,1TB HDD,NVIDIA GeForce GTX 1650,41675.45145
lenevo,AMD Ryzen 7,12GB,1TB SSHD,NVIDIA GeForce GTX 1650,52328.57627
Apple,Intel Pentium Quad Core N4200,4GB,1TB HDD,Intel Iris Xe Graphics,66981.50033
Asus,Intel Atom x5-Z8550,4GB,6TB HDD,NVIDIA GeForce GTX 1650,31159.45402
Chuwi,Intel Celeron Dual Core 3855U ,12GB,2TB NVMe SSD,Intel Iris Xe Graphics,44830.92095
Asus,Intel Celeron Dual Core 3855U ,12GB,256GB PCIe SSD,NVIDIA GeForce GTX 1650,58539.3676
hp,Intel Core i7,12GB,512GB eMMC,NVIDIA GeForce GTX 1650,74504.53477
MSI,Intel Pentium Quad Core N4200,8GB,256GB SSD,NVIDIA GeForce GTX 1650,69366.17548
Apple,Intel Celeron Dual Core 3855U ,8GB,1TB SSHD,NVIDIA GeForce GTX 1650,50166.263
Microsoft,AMD Ryzen 7,16GB,6TB HDD,Intel Iris Xe Graphics,66522.02416
Microsoft,Intel Pentium Quad Core N4200,12GB,512GB NVMe SSD,Intel Iris Xe Graphics,66324.76931
Asus,Intel Pentium Quad Core N4200,16GB,1TB HDD,NVIDIA GeForce GTX 1650,68260.48081
Chuwi,Intel Core i7,8GB,256GB PCIe SSD,AMD Radeon RX 5600M,49781.53275
Microsoft,Intel Xeon E3-1505M ,16GB,1TB HDD,AMD Radeon RX 5600M,45467.54779
hp,Intel Atom x5-Z8550,4GB,128GB PCIe SSD,AMD Radeon RX 5600M,57313.12863
Acer,AMD Ryzen 5,12GB,4TB HDD,Intel Iris Xe Graphics,38724.73315
Chuwi,AMD A9-Series 9420,12GB,2TB HDD,Intel Iris Xe Graphics,43386.66667
hp,Intel Xeon E3-1505M ,4GB,4TB HDD,AMD Radeon RX 5600M,37073.31088
Apple,Intel Core i7,16GB,2TB NVMe SSD,AMD Radeon RX 5600M,60122.91168
MSI,AMD Ryzen 7,8GB,512GB eMMC,AMD Radeon RX 5600M,62355.30287
lenevo,Intel Atom x5-Z8550,12GB,128GB SSD,AMD Radeon RX 5600M,60945.77302
Asus,AMD Ryzen 5,16GB,256GB SSD,Intel Iris Xe Graphics,44994.67192
MSI,Intel Core i7,12GB,1TB HDD,AMD Radeon RX 5600M,45555.76687
Microsoft,Intel Atom x5-Z8550,8GB,256GB PCIe SSD,Intel Iris Xe Graphics,45233.5213
Dell,Intel Celeron Dual Core 3855U ,8GB,2TB NVMe SSD,NVIDIA GeForce GTX 1650,76961.86781
Asus,AMD A9-Series 9420,4GB,1TB Fusion Drive,AMD Radeon RX 5600M,42397.48634
Chuwi,Intel Atom x5-Z8550,4GB,1TB Fusion Drive,AMD Radeon RX 5600M,55189.88036
MSI,Intel Atom x5-Z8550,8GB,512GB eMMC,Intel Iris Xe Graphics,30874.00437
Dell,AMD Ryzen 7,4GB,4TB HDD,AMD Radeon RX 5600M,54722.24295
MSI,Intel Celeron Dual Core 3855U ,16GB,512GB SSD,AMD Radeon RX 5600M,61628.22615
Apple,Intel Atom x5-Z8550,12GB,2TB SATA SSD,AMD Radeon RX 5600M,41367.48024
Acer,AMD Ryzen 5,12GB,256GB PCIe SSD,AMD Radeon RX 5600M,37642.24414
lenevo,AMD A9-Series 9420,4GB,2TB HDD,AMD Radeon RX 5600M,45457.9877
lenevo,Intel Core i5,12GB,512GB SSD,Intel Iris Xe Graphics,40869.42141
Acer,Intel Celeron Dual Core 3855U ,12GB,1TB NVMe SSD,NVIDIA GeForce GTX 1650,45895.38513
Apple,AMD Ryzen 7,8GB,4TB HDD,Intel Iris Xe Graphics,42083.85659
Asus,AMD Ryzen 7,16GB,256GB eMMC,NVIDIA GeForce GTX 1650,35437.27551
Asus,Intel Pentium Quad Core N4200,8GB,1TB HDD,AMD Radeon RX 5600M,36482.0418
lenevo,AMD Ryzen 7,8GB,256GB Flash Storage,Intel Iris Xe Graphics,30080.51594
Acer,Intel Xeon E3-1505M ,12GB,512GB NVMe SSD,Intel Iris Xe Graphics,30894.62885
MSI,AMD Ryzen 7,8GB,256GB eMMC,Intel Iris Xe Graphics,37232.78772
Dell,Intel Core i5,8GB,2TB HDD,NVIDIA GeForce GTX 1650,91597.99326
MSI,Intel Core i7,12GB,256GB SSD,Intel Iris Xe Graphics,30336.63487
Acer,Intel Xeon E3-1505M ,12GB,1TB NVMe SSD,AMD Radeon RX 5600M,69596.79971
MSI,Intel Core i7,12GB,128GB PCIe SSD,Intel Iris Xe Graphics,64960.67506
Microsoft,Intel Core i7,12GB,2TB HDD,Intel Iris Xe Graphics,40225.19747
Dell,Intel Atom x5-Z8550,8GB,2TB NVMe SSD,Intel Iris Xe Graphics,86864.07826
Dell,Intel Core i9,4GB,128GB SSD,NVIDIA GeForce GTX 1650,37930.65072
Asus,AMD A9-Series 9420,8GB,2TB NVMe SSD,NVIDIA GeForce GTX 1650,42180.40936
Asus,Intel Core i9,8GB,512GB SSD,AMD Radeon RX 5600M,33729.9773
Chuwi,Intel Celeron Dual Core 3855U ,8GB,6TB HDD,AMD Radeon RX 5600M,43042.91812
lenevo,AMD A9-Series 9420,8GB,4TB HDD,AMD Radeon RX 5600M,46441.314
Acer,Intel Atom x5-Z8550,8GB,1TB SSHD,NVIDIA GeForce GTX 1650,55320.92854
hp,Intel Pentium Quad Core N4200,16GB,256GB Flash Storage,Intel Iris Xe Graphics,65563.56873
lenevo,Intel Xeon E3-1505M ,8GB,1TB SSHD,Intel Iris Xe Graphics,59078.21705
Dell,Intel Atom x5-Z8550,4GB,2TB SATA SSD,AMD Radeon RX 5600M,43880.31387
hp,AMD A9-Series 9420,12GB,4TB HDD,Intel Iris Xe Graphics,74648.48992
Acer,Intel Celeron Dual Core 3855U ,8GB,128GB PCIe SSD,AMD Radeon RX 5600M,31296.51044
Chuwi,Intel Xeon E3-1505M ,16GB,1TB SSHD,Intel Iris Xe Graphics,39696.23799
Chuwi,AMD Ryzen 5,16GB,128GB SSD,Intel Iris Xe Graphics,54139.57135
Dell,AMD Ryzen 7,8GB,2TB SATA SSD,NVIDIA GeForce GTX 1650,83882.43683
Dell,Intel Atom x5-Z8550,4GB,2TB SATA SSD,NVIDIA GeForce GTX 1650,35904.19219
MSI,Intel Atom x5-Z8550,4GB,1TB NVMe SSD,Intel Iris Xe Graphics,41502.32142
MSI,Intel Xeon E3-1505M ,8GB,256GB PCIe SSD,AMD Radeon RX 5600M,46482.96973
Asus,AMD A9-Series 9420,8GB,2TB HDD,NVIDIA GeForce GTX 1650,39675.20052
MSI,Intel Core i5,12GB,512GB eMMC,NVIDIA GeForce GTX 1650,66347.44546
MSI,AMD A9-Series 9420,16GB,4TB HDD,Intel Iris Xe Graphics,31426.59128
Apple,Intel Xeon E3-1505M ,12GB,6TB HDD,AMD Radeon RX 5600M,35937.66483
Asus,AMD A9-Series 9420,16GB,1TB SSHD,AMD Radeon RX 5600M,54200.53214
Acer,Intel Atom x5-Z8550,4GB,6TB HDD,NVIDIA GeForce GTX 1650,41803.82066
lenevo,Intel Core i9,16GB,256GB PCIe SSD,AMD Radeon RX 5600M,63270.44634
Microsoft,Intel Celeron Dual Core 3855U ,12GB,512GB SSD,AMD Radeon RX 5600M,32382.62253
Chuwi,AMD A9-Series 9420,16GB,128GB PCIe SSD,NVIDIA GeForce GTX 1650,58379.0579
lenevo,AMD Ryzen 7,8GB,1TB Fusion Drive,NVIDIA GeForce GTX 1650,37223.39398
Dell,AMD Ryzen 5,16GB,512GB eMMC,NVIDIA GeForce GTX 1650,37271.21501
Asus,Intel Core i5,12GB,1TB NVMe SSD,Intel Iris Xe Graphics,45626.32657
lenevo,Intel Pentium Quad Core N4200,12GB,256GB PCIe SSD,AMD Radeon RX 5600M,59133.62803
Apple,Intel Core i7,8GB,512GB SSD,NVIDIA GeForce GTX 1650,48663.18229
Dell,Intel Pentium Quad Core N4200,8GB,1TB Fusion Drive,NVIDIA GeForce GTX 1650,78051.99632
Acer,Intel Core i5,12GB,128GB PCIe SSD,AMD Radeon RX 5600M,60644.11108
Dell,Intel Pentium Quad Core N4200,8GB,128GB SSD,Intel Iris Xe Graphics,94361.13551
Dell,Intel Core i5,16GB,1TB NVMe SSD,Intel Iris Xe Graphics,63382.81988
Apple,AMD Ryzen 5,12GB,512GB SSD,NVIDIA GeForce GTX 1650,41960.08107
MSI,Intel Core i9,8GB,512GB SSD,Intel Iris Xe Graphics,57109.821
Chuwi,AMD A9-Series 9420,8GB,256GB eMMC,Intel Iris Xe Graphics,56041.51088
Dell,Intel Core i7,8GB,512GB eMMC,Intel Iris Xe Graphics,77539.40189
Apple,AMD Ryzen 5,8GB,2TB NVMe SSD,NVIDIA GeForce GTX 1650,62073.5915
Dell,Intel Core i5,4GB,256GB PCIe SSD,Intel Iris Xe Graphics,58604.63565
lenevo,Intel Core i7,16GB,4TB HDD,Intel Iris Xe Graphics,68726.02405
Apple,Intel Core i7,4GB,2TB SATA SSD,AMD Radeon RX 5600M,68958.76162
lenevo,AMD Ryzen 5,16GB,256GB SSD,AMD Radeon RX 5600M,52313.25799
Dell,AMD Ryzen 7,8GB,256GB SSD,NVIDIA GeForce GTX 1650,71445.09123
Acer,Intel Pentium Quad Core N4200,8GB,1TB SSHD,AMD Radeon RX 5600M,50803.05208
Chuwi,Intel Core i9,8GB,256GB SSD,AMD Radeon RX 5600M,44914.63154
Asus,Intel Celeron Dual Core 3855U ,16GB,1TB SSHD,AMD Radeon RX 5600M,33709.38811
lenevo,Intel Atom x5-Z8550,16GB,4TB HDD,Intel Iris Xe Graphics,56329.97407
Microsoft,Intel Xeon E3-1505M ,16GB,256GB eMMC,NVIDIA GeForce GTX 1650,58712.69295
lenevo,AMD Ryzen 7,8GB,512GB SSD,AMD Radeon RX 5600M,59431.48532
MSI,Intel Core i5,4GB,256GB SSD,AMD Radeon RX 5600M,56120.59903
Chuwi,Intel Pentium Quad Core N4200,8GB,2TB SATA SSD,AMD Radeon RX 5600M,45401.8406
lenevo,Intel Pentium Quad Core N4200,12GB,1TB Fusion Drive,Intel Iris Xe Graphics,46962.46158
Asus,AMD A9-Series 9420,12GB,128GB PCIe SSD,Intel Iris Xe Graphics,67598.7314
Microsoft,Intel Core i7,4GB,6TB HDD,Intel Iris Xe Graphics,60382.94724
Microsoft,Intel Xeon E3-1505M ,8GB,1TB HDD,Intel Iris Xe Graphics,67626.73632
Microsoft,AMD Ryzen 5,4GB,1TB SSHD,Intel Iris Xe Graphics,60943.0408
Apple,Intel Xeon E3-1505M ,8GB,512GB NVMe SSD,NVIDIA GeForce GTX 1650,42826.62408
hp,Intel Xeon E3-1505M ,8GB,1TB HDD,AMD Radeon RX 5600M,60124.78094
Microsoft,Intel Core i9,8GB,1TB NVMe SSD,NVIDIA GeForce GTX 1650,39087.88658
Microsoft,Intel Core i5,16GB,512GB SSD,NVIDIA GeForce GTX 1650,57107.74432
Acer,Intel Core i7,4GB,1TB SSHD,AMD Radeon RX 5600M,60983.63289
Dell,Intel Core i7,16GB,128GB SSD,NVIDIA GeForce GTX 1650,34636.7556
lenevo,Intel Pentium Quad Core N4200,16GB,512GB eMMC,Intel Iris Xe Graphics,59379.79499
Apple,Intel Core i5,16GB,256GB PCIe SSD,Intel Iris Xe Graphics,43177.19491
Microsoft,Intel Pentium Quad Core N4200,16GB,256GB eMMC,AMD Radeon RX 5600M,46367.5916
Chuwi,Intel Core i7,16GB,512GB eMMC,AMD Radeon RX 5600M,45910.66064
Apple,AMD Ryzen 5,8GB,512GB NVMe SSD,AMD Radeon RX 5600M,63228.81612
Acer,Intel Atom x5-Z8550,16GB,2TB HDD,NVIDIA GeForce GTX 1650,56023.76938
Asus,Intel Core i7,8GB,1TB NVMe SSD,Intel Iris Xe Graphics,43692.92023
MSI,Intel Core i7,8GB,1TB NVMe SSD,NVIDIA GeForce GTX 1650,68212.32871
Apple,Intel Core i5,16GB,1TB HDD,Intel Iris Xe Graphics,35070.15585
Asus,Intel Atom x5-Z8550,12GB,1TB HDD,Intel Iris Xe Graphics,38018.20446
MSI,AMD Ryzen 7,16GB,512GB eMMC,NVIDIA GeForce GTX 1650,47090.39575
Chuwi,Intel Atom x5-Z8550,16GB,256GB PCIe SSD,NVIDIA GeForce GTX 1650,66612.32539
Dell,Intel Core i5,16GB,4TB HDD,NVIDIA GeForce GTX 1650,45911.6689
lenevo,Intel Core i9,16GB,256GB SSD,AMD Radeon RX 5600M,44844.99618
Asus,Intel Celeron Dual Core 3855U ,12GB,1TB HDD,NVIDIA GeForce GTX 1650,35211.70749
Acer,Intel Core i9,12GB,1TB NVMe SSD,Intel Iris Xe Graphics,59689.52976
Dell,AMD A9-Series 9420,8GB,512GB SSD,AMD Radeon RX 5600M,69912.94537
Dell,Intel Celeron Dual Core 3855U ,16GB,1TB HDD,Intel Iris Xe Graphics,33776.16161
Chuwi,Intel Atom x5-Z8550,12GB,128GB SSD,Intel Iris Xe Graphics,34524.39841
MSI,Intel Pentium Quad Core N4200,4GB,2TB SATA SSD,Intel Iris Xe Graphics,37326.12231
Asus,AMD Ryzen 7,12GB,1TB NVMe SSD,Intel Iris Xe Graphics,62391.31199
Dell,Intel Core i7,16GB,1TB NVMe SSD,Intel Iris Xe Graphics,45343.8416
lenevo,Intel Core i5,12GB,1TB Fusion Drive,AMD Radeon RX 5600M,60773.99003
MSI,Intel Celeron Dual Core 3855U ,4GB,256GB Flash Storage,Intel Iris Xe Graphics,32273.9149
MSI,AMD A9-Series 9420,4GB,256GB PCIe SSD,AMD Radeon RX 5600M,31877.49623
Chuwi,Intel Xeon E3-1505M ,4GB,512GB eMMC,AMD Radeon RX 5600M,38661.91807
Asus,AMD Ryzen 7,4GB,512GB NVMe SSD,Intel Iris Xe Graphics,53126.94785
hp,AMD Ryzen 7,16GB,512GB SSD,Intel Iris Xe Graphics,62618.82485
hp,Intel Core i9,16GB,512GB eMMC,AMD Radeon RX 5600M,53848.38888
Microsoft,Intel Celeron Dual Core 3855U ,8GB,2TB NVMe SSD,AMD Radeon RX 5600M,67505.02563
Acer,Intel Atom x5-Z8550,8GB,1TB NVMe SSD,Intel Iris Xe Graphics,57364.79178
MSI,Intel Atom x5-Z8550,8GB,512GB NVMe SSD,Intel Iris Xe Graphics,45354.09044
Asus,Intel Pentium Quad Core N4200,16GB,1TB Fusion Drive,NVIDIA GeForce GTX 1650,42113.80739
Microsoft,Intel Pentium Quad Core N4200,4GB,256GB eMMC,NVIDIA GeForce GTX 1650,37574.55757
Acer,Intel Core i7,16GB,1TB SSHD,AMD Radeon RX 5600M,67887.02018
Apple,AMD Ryzen 5,16GB,1TB HDD,AMD Radeon RX 5600M,48090.56435
Microsoft,Intel Atom x5-Z8550,8GB,2TB SATA SSD,NVIDIA GeForce GTX 1650,68958.68588
Acer,Intel Xeon E3-1505M ,8GB,512GB eMMC,Intel Iris Xe Graphics,32823.03716
Acer,Intel Pentium Quad Core N4200,16GB,2TB NVMe SSD,AMD Radeon RX 5600M,51833.38462
Apple,Intel Core i9,4GB,1TB HDD,NVIDIA GeForce GTX 1650,30060.2751
lenevo,AMD Ryzen 5,16GB,128GB PCIe SSD,NVIDIA GeForce GTX 1650,50602.21977
MSI,AMD Ryzen 5,4GB,256GB SSD,NVIDIA GeForce GTX 1650,64825.55844
Apple,Intel Celeron Dual Core 3855U ,16GB,512GB NVMe SSD,NVIDIA GeForce GTX 1650,60269.73363
Dell,Intel Celeron Dual Core 3855U ,8GB,512GB NVMe SSD,NVIDIA GeForce GTX 1650,72642.88773
MSI,AMD A9-Series 9420,8GB,256GB eMMC,NVIDIA GeForce GTX 1650,69553.2698
Microsoft,Intel Xeon E3-1505M ,8GB,256GB SSD,AMD Radeon RX 5600M,30558.75111
MSI,AMD Ryzen 5,16GB,256GB SSD,AMD Radeon RX 5600M,32899.33127
Microsoft,Intel Atom x5-Z8550,8GB,512GB eMMC,AMD Radeon RX 5600M,64115.38942
Asus,Intel Core i5,4GB,4TB HDD,AMD Radeon RX 5600M,66941.85898
Asus,Intel Atom x5-Z8550,12GB,256GB PCIe SSD,Intel Iris Xe Graphics,42641.00418
lenevo,Intel Celeron Dual Core 3855U ,4GB,2TB HDD,Intel Iris Xe Graphics,37789.12259
MSI,AMD A9-Series 9420,16GB,2TB SATA SSD,Intel Iris Xe Graphics,58568.15012
Apple,Intel Core i5,16GB,4TB HDD,Intel Iris Xe Graphics,30728.20921
hp,Intel Atom x5-Z8550,16GB,512GB NVMe SSD,NVIDIA GeForce GTX 1650,58953.88557
Microsoft,Intel Pentium Quad Core N4200,16GB,1TB HDD,NVIDIA GeForce GTX 1650,67737.93218
Acer,AMD A9-Series 9420,4GB,512GB eMMC,Intel Iris Xe Graphics,69212.95622
lenevo,Intel Atom x5-Z8550,4GB,2TB HDD,NVIDIA GeForce GTX 1650,60204.54149
Dell,AMD Ryzen 7,4GB,2TB SATA SSD,AMD Radeon RX 5600M,55168.81258
lenevo,AMD Ryzen 7,8GB,1TB HDD,Intel Iris Xe Graphics,30727.56719
MSI,Intel Atom x5-Z8550,4GB,1TB HDD,AMD Radeon RX 5600M,36216.36183
lenevo,Intel Xeon E3-1505M ,12GB,256GB eMMC,NVIDIA GeForce GTX 1650,58882.01077
Apple,Intel Pentium Quad Core N4200,8GB,1TB HDD,Intel Iris Xe Graphics,43884.19254
Acer,Intel Xeon E3-1505M ,16GB,128GB SSD,AMD Radeon RX 5600M,69686.31399
Acer,AMD Ryzen 5,12GB,4TB HDD,NVIDIA GeForce GTX 1650,56875.18593
Microsoft,AMD Ryzen 7,12GB,2TB SATA SSD,Intel Iris Xe Graphics,49896.37735
Dell,Intel Core i7,8GB,4TB HDD,AMD Radeon RX 5600M,89943.71794
Dell,AMD Ryzen 5,12GB,512GB NVMe SSD,AMD Radeon RX 5600M,55193.68311
Dell,Intel Atom x5-Z8550,8GB,1TB SSHD,NVIDIA GeForce GTX 1650,80674.06926
Acer,AMD A9-Series 9420,12GB,512GB eMMC,Intel Iris Xe Graphics,56514.47173
Apple,Intel Xeon E3-1505M ,12GB,1TB HDD,AMD Radeon RX 5600M,61624.30511
Microsoft,Intel Celeron Dual Core 3855U ,4GB,1TB Fusion Drive,AMD Radeon RX 5600M,53888.64954
Apple,Intel Xeon E3-1505M ,8GB,512GB eMMC,AMD Radeon RX 5600M,41203.2824
Chuwi,Intel Core i5,4GB,6TB HDD,AMD Radeon RX 5600M,32092.57246
lenevo,Intel Xeon E3-1505M ,4GB,1TB SSHD,Intel Iris Xe Graphics,61536.62263
hp,AMD A9-Series 9420,16GB,4TB HDD,Intel Iris Xe Graphics,44091.55394
MSI,Intel Core i7,8GB,1TB SSHD,NVIDIA GeForce GTX 1650,56389.19067
Asus,AMD Ryzen 5,4GB,512GB SSD,Intel Iris Xe Graphics,34055.7267
Acer,Intel Core i9,16GB,2TB SATA SSD,NVIDIA GeForce GTX 1650,41449.3136
Dell,Intel Pentium Quad Core N4200,4GB,1TB HDD,NVIDIA GeForce GTX 1650,54510.32569
MSI,Intel Core i7,16GB,256GB SSD,AMD Radeon RX 5600M,35156.79392
hp,Intel Core i9,12GB,1TB NVMe SSD,AMD Radeon RX 5600M,63586.32853
Chuwi,Intel Xeon E3-1505M ,12GB,256GB eMMC,NVIDIA GeForce GTX 1650,58787.48667
lenevo,Intel Core i7,12GB,256GB PCIe SSD,Intel Iris Xe Graphics,57843.58168
hp,AMD Ryzen 7,16GB,256GB SSD,AMD Radeon RX 5600M,67021.31599
Chuwi,Intel Xeon E3-1505M ,4GB,1TB SSHD,NVIDIA GeForce GTX 1650,58608.24738
Chuwi,Intel Celeron Dual Core 3855U ,16GB,128GB PCIe SSD,Intel Iris Xe Graphics,40703.89226
Apple,Intel Core i7,8GB,128GB PCIe SSD,Intel Iris Xe Graphics,62433.68421
Dell,Intel Pentium Quad Core N4200,4GB,2TB NVMe SSD,Intel Iris Xe Graphics,40954.45734
hp,AMD Ryzen 5,16GB,128GB SSD,AMD Radeon RX 5600M,32119.86591
Microsoft,Intel Atom x5-Z8550,12GB,2TB NVMe SSD,Intel Iris Xe Graphics,45467.43101
Microsoft,Intel Atom x5-Z8550,12GB,256GB Flash Storage,NVIDIA GeForce GTX 1650,50145.28632
Apple,Intel Core i7,12GB,256GB SSD,NVIDIA GeForce GTX 1650,49703.4264
MSI,Intel Celeron Dual Core 3855U ,12GB,512GB NVMe SSD,AMD Radeon RX 5600M,60665.93408
lenevo,AMD Ryzen 5,4GB,6TB HDD,Intel Iris Xe Graphics,30317.37591
Microsoft,Intel Celeron Dual Core 3855U ,4GB,2TB NVMe SSD,NVIDIA GeForce GTX 1650,66965.46088
Apple,Intel Xeon E3-1505M ,16GB,1TB HDD,NVIDIA GeForce GTX 1650,108584.765
MSI,Intel Celeron Dual Core 3855U ,12GB,1TB HDD,NVIDIA GeForce GTX 1650,45464.34449
Asus,Intel Celeron Dual Core 3855U ,4GB,1TB HDD,AMD Radeon RX 5600M,51920.13439
Microsoft,AMD Ryzen 5,8GB,1TB HDD,Intel Iris Xe Graphics,48494.54562
Microsoft,AMD Ryzen 5,8GB,1TB HDD,AMD Radeon RX 5600M,69462.38221
MSI,Intel Xeon E3-1505M ,16GB,1TB Fusion Drive,Intel Iris Xe Graphics,66496.26292
hp,Intel Xeon E3-1505M ,4GB,128GB PCIe SSD,AMD Radeon RX 5600M,52161.86112
MSI,Intel Pentium Quad Core N4200,8GB,512GB NVMe SSD,Intel Iris Xe Graphics,47768.31733
MSI,Intel Core i5,8GB,256GB eMMC,AMD Radeon RX 5600M,46078.95939
Chuwi,Intel Atom x5-Z8550,8GB,256GB Flash Storage,NVIDIA GeForce GTX 1650,53175.50406
Dell,AMD Ryzen 5,4GB,512GB SSD,AMD Radeon RX 5600M,35322.84596
hp,Intel Xeon E3-1505M ,16GB,256GB PCIe SSD,AMD Radeon RX 5600M,66913.18124
hp,Intel Celeron Dual Core 3855U ,12GB,2TB HDD,NVIDIA GeForce GTX 1650,66464.77032
Asus,Intel Core i5,4GB,256GB SSD,NVIDIA GeForce GTX 1650,52837.89059
Apple,Intel Celeron Dual Core 3855U ,16GB,4TB HDD,Intel Iris Xe Graphics,107980.1869
Apple,Intel Celeron Dual Core 3855U ,16GB,256GB PCIe SSD,NVIDIA GeForce GTX 1650,115137.3681
Chuwi,AMD A9-Series 9420,4GB,2TB SATA SSD,NVIDIA GeForce GTX 1650,32804.83608
Dell,Intel Core i9,8GB,512GB SSD,NVIDIA GeForce GTX 1650,66524.45202
Asus,Intel Pentium Quad Core N4200,12GB,512GB NVMe SSD,NVIDIA GeForce GTX 1650,60401.51976
Acer,AMD Ryzen 7,4GB,2TB HDD,AMD Radeon RX 5600M,44628.92691
Acer,AMD A9-Series 9420,16GB,1TB Fusion Drive,Intel Iris Xe Graphics,33708.82457
MSI,Intel Core i9,8GB,2TB SATA SSD,AMD Radeon RX 5600M,49446.97688
MSI,Intel Core i7,12GB,4TB HDD,NVIDIA GeForce GTX 1650,46808.3251
Microsoft,Intel Core i5,4GB,1TB Fusion Drive,Intel Iris Xe Graphics,65754.52229
Asus,Intel Core i7,8GB,1TB HDD,AMD Radeon RX 5600M,36901.69953
Microsoft,AMD A9-Series 9420,16GB,256GB Flash Storage,Intel Iris Xe Graphics,65776.13462
Asus,Intel Core i7,12GB,2TB SATA SSD,AMD Radeon RX 5600M,30632.82241
MSI,Intel Core i7,4GB,256GB PCIe SSD,NVIDIA GeForce GTX 1650,61448.44061
Microsoft,Intel Core i5,16GB,2TB HDD,Intel Iris Xe Graphics,61846.45622
Dell,Intel Core i9,8GB,256GB Flash Storage,NVIDIA GeForce GTX 1650,83921.69548
MSI,AMD Ryzen 7,12GB,6TB HDD,AMD Radeon RX 5600M,68637.87111
MSI,AMD A9-Series 9420,8GB,1TB Fusion Drive,Intel Iris Xe Graphics,35638.44181
lenevo,AMD Ryzen 7,16GB,512GB eMMC,Intel Iris Xe Graphics,51933.50767
Dell,AMD Ryzen 5,8GB,256GB eMMC,Intel Iris Xe Graphics,83304.04287
lenevo,Intel Xeon E3-1505M ,4GB,2TB NVMe SSD,AMD Radeon RX 5600M,46644.38096
Apple,Intel Core i7,4GB,1TB HDD,NVIDIA GeForce GTX 1650,53733.87449
Apple,AMD Ryzen 5,12GB,1TB Fusion Drive,AMD Radeon RX 5600M,46438.6146
Apple,AMD Ryzen 5,16GB,1TB HDD,AMD Radeon RX 5600M,54622.63927
lenevo,AMD Ryzen 7,8GB,256GB Flash Storage,AMD Radeon RX 5600M,46151.24457
Chuwi,AMD Ryzen 7,4GB,128GB SSD,Intel Iris Xe Graphics,44472.53059
Asus,Intel Core i7,12GB,256GB Flash Storage,AMD Radeon RX 5600M,61093.48659
Acer,Intel Core i9,8GB,128GB PCIe SSD,AMD Radeon RX 5600M,46763.9418
hp,AMD A9-Series 9420,4GB,512GB NVMe SSD,NVIDIA GeForce GTX 1650,30225.58845
Acer,Intel Pentium Quad Core N4200,8GB,2TB HDD,Intel Iris Xe Graphics,44550.3291
Apple,Intel Xeon E3-1505M ,4GB,128GB SSD,NVIDIA GeForce GTX 1650,57916.71751
hp,Intel Celeron Dual Core 3855U ,8GB,6TB HDD,AMD Radeon RX 5600M,59184.91297
Acer,Intel Xeon E3-1505M ,8GB,1TB HDD,AMD Radeon RX 5600M,40566.69596
Apple,AMD Ryzen 7,12GB,2TB NVMe SSD,NVIDIA GeForce GTX 1650,58914.66182
Apple,Intel Xeon E3-1505M ,8GB,2TB NVMe SSD,AMD Radeon RX 5600M,33407.60112
Asus,Intel Atom x5-Z8550,12GB,1TB HDD,NVIDIA GeForce GTX 1650,66359.43276
Microsoft,AMD A9-Series 9420,16GB,1TB HDD,Intel Iris Xe Graphics,33637.52142
lenevo,Intel Xeon E3-1505M ,4GB,1TB HDD,Intel Iris Xe Graphics,46276.81771
Dell,AMD Ryzen 5,4GB,256GB eMMC,Intel Iris Xe Graphics,51687.76737
MSI,AMD A9-Series 9420,4GB,2TB HDD,AMD Radeon RX 5600M,63845.01312
Apple,Intel Core i7,16GB,256GB SSD,AMD Radeon RX 5600M,33319.41051
Asus,Intel Core i5,4GB,512GB SSD,Intel Iris Xe Graphics,37399.56102
Asus,Intel Core i5,4GB,6TB HDD,AMD Radeon RX 5600M,50543.26031
Apple,Intel Atom x5-Z8550,12GB,2TB HDD,NVIDIA GeForce GTX 1650,54988.10805
Chuwi,Intel Atom x5-Z8550,8GB,2TB HDD,AMD Radeon RX 5600M,46077.16971
Microsoft,AMD A9-Series 9420,8GB,256GB SSD,NVIDIA GeForce GTX 1650,36072.17468
MSI,AMD Ryzen 7,16GB,256GB SSD,AMD Radeon RX 5600M,55728.63154
Apple,Intel Pentium Quad Core N4200,8GB,4TB HDD,Intel Iris Xe Graphics,47378.79505
Microsoft,Intel Xeon E3-1505M ,12GB,2TB HDD,Intel Iris Xe Graphics,67471.0848
Chuwi,AMD Ryzen 7,16GB,256GB PCIe SSD,Intel Iris Xe Graphics,68356.54399
MSI,Intel Celeron Dual Core 3855U ,12GB,128GB PCIe SSD,Intel Iris Xe Graphics,60471.65812
hp,Intel Atom x5-Z8550,12GB,256GB PCIe SSD,NVIDIA GeForce GTX 1650,69976.31256
Microsoft,AMD Ryzen 7,12GB,512GB SSD,NVIDIA GeForce GTX 1650,59301.17028
hp,AMD Ryzen 7,12GB,128GB PCIe SSD,NVIDIA GeForce GTX 1650,71092.99119
Apple,Intel Core i5,16GB,6TB HDD,NVIDIA GeForce GTX 1650,59932.24614
Acer,Intel Core i9,12GB,128GB PCIe SSD,Intel Iris Xe Graphics,35491.68693
lenevo,Intel Core i5,8GB,4TB HDD,NVIDIA GeForce GTX 1650,52248.83286
Acer,Intel Celeron Dual Core 3855U ,16GB,512GB eMMC,Intel Iris Xe Graphics,48374.37453
Dell,Intel Xeon E3-1505M ,12GB,2TB HDD,AMD Radeon RX 5600M,36902.622
lenevo,AMD Ryzen 5,4GB,1TB HDD,NVIDIA GeForce GTX 1650,41074.49175
Microsoft,Intel Core i9,8GB,6TB HDD,NVIDIA GeForce GTX 1650,33394.80562
Chuwi,AMD A9-Series 9420,8GB,256GB SSD,NVIDIA GeForce GTX 1650,49208.04345
Dell,AMD Ryzen 5,16GB,1TB HDD,AMD Radeon RX 5600M,30592.76191
Microsoft,Intel Core i9,12GB,1TB NVMe SSD,AMD Radeon RX 5600M,59305.32509
Microsoft,Intel Core i7,16GB,2TB NVMe SSD,NVIDIA GeForce GTX 1650,30478.84411
Microsoft,AMD A9-Series 9420,8GB,512GB SSD,Intel Iris Xe Graphics,55337.3892
Chuwi,Intel Xeon E3-1505M ,12GB,6TB HDD,NVIDIA GeForce GTX 1650,35296.69689
Asus,Intel Atom x5-Z8550,16GB,256GB SSD,AMD Radeon RX 5600M,38046.46152
Chuwi,Intel Core i5,4GB,512GB SSD,AMD Radeon RX 5600M,33897.47793
Acer,Intel Xeon E3-1505M ,4GB,128GB PCIe SSD,AMD Radeon RX 5600M,54857.16539
Asus,Intel Core i5,16GB,2TB NVMe SSD,AMD Radeon RX 5600M,40022.39244
MSI,AMD Ryzen 7,16GB,2TB SATA SSD,NVIDIA GeForce GTX 1650,55009.998
hp,AMD A9-Series 9420,8GB,256GB Flash Storage,NVIDIA GeForce GTX 1650,63643.72266
MSI,AMD A9-Series 9420,4GB,4TB HDD,Intel Iris Xe Graphics,51746.13498
hp,Intel Core i9,8GB,1TB Fusion Drive,Intel Iris Xe Graphics,41096.06217
MSI,AMD Ryzen 7,12GB,1TB SSHD,AMD Radeon RX 5600M,45178.91471
Asus,Intel Core i5,16GB,1TB Fusion Drive,NVIDIA GeForce GTX 1650,63591.02088
Dell,Intel Core i9,4GB,512GB eMMC,Intel Iris Xe Graphics,44472.64931
Asus,Intel Core i9,12GB,1TB NVMe SSD,AMD Radeon RX 5600M,48861.33404
Dell,Intel Core i9,4GB,512GB eMMC,Intel Iris Xe Graphics,34882.96705
MSI,Intel Xeon E3-1505M ,8GB,4TB HDD,NVIDIA GeForce GTX 1650,55909.42716
Apple,AMD A9-Series 9420,16GB,512GB SSD,NVIDIA GeForce GTX 1650,60390.46708
hp,Intel Celeron Dual Core 3855U ,16GB,512GB NVMe SSD,Intel Iris Xe Graphics,31769.81613
MSI,Intel Core i9,8GB,256GB eMMC,AMD Radeon RX 5600M,49820.77395
Asus,Intel Core i7,16GB,1TB Fusion Drive,Intel Iris Xe Graphics,59991.93339
Dell,Intel Atom x5-Z8550,8GB,6TB HDD,AMD Radeon RX 5600M,67502.54839
Chuwi,Intel Xeon E3-1505M ,12GB,256GB eMMC,Intel Iris Xe Graphics,66722.23847
Apple,AMD Ryzen 5,12GB,512GB eMMC,NVIDIA GeForce GTX 1650,60115.57708
Chuwi,Intel Xeon E3-1505M ,12GB,1TB SSHD,AMD Radeon RX 5600M,38741.95456
Dell,AMD Ryzen 7,16GB,256GB SSD,AMD Radeon RX 5600M,64541.35925
Acer,Intel Atom x5-Z8550,8GB,256GB eMMC,AMD Radeon RX 5600M,49463.54028
lenevo,AMD A9-Series 9420,12GB,6TB HDD,AMD Radeon RX 5600M,34090.17594
Acer,Intel Core i7,16GB,4TB HDD,Intel Iris Xe Graphics,67210.03994
lenevo,Intel Core i5,16GB,512GB NVMe SSD,AMD Radeon RX 5600M,43581.18122
Acer,Intel Core i9,4GB,1TB HDD,Intel Iris Xe Graphics,46986.95802
Microsoft,Intel Core i5,4GB,1TB SSHD,AMD Radeon RX 5600M,50440.76627
Acer,Intel Xeon E3-1505M ,8GB,1TB NVMe SSD,AMD Radeon RX 5600M,60989.21286
Asus,AMD Ryzen 7,8GB,4TB HDD,AMD Radeon RX 5600M,38044.16987
Chuwi,Intel Pentium Quad Core N4200,8GB,1TB HDD,AMD Radeon RX 5600M,47983.38363
Apple,Intel Pentium Quad Core N4200,4GB,1TB NVMe SSD,Intel Iris Xe Graphics,48344.69499
hp,Intel Core i9,16GB,1TB NVMe SSD,NVIDIA GeForce GTX 1650,44958.29215
Microsoft,Intel Core i9,4GB,512GB eMMC,NVIDIA GeForce GTX 1650,36828.95402
Asus,Intel Celeron Dual Core 3855U ,4GB,1TB HDD,Intel Iris Xe Graphics,41405.89517
Chuwi,AMD Ryzen 5,4GB,256GB Flash Storage,AMD Radeon RX 5600M,69883.33889
Apple,AMD A9-Series 9420,12GB,256GB SSD,Intel Iris Xe Graphics,43733.34494
Apple,Intel Atom x5-Z8550,4GB,1TB SSHD,AMD Radeon RX 5600M,57261.03169
lenevo,Intel Core i9,4GB,512GB NVMe SSD,AMD Radeon RX 5600M,36787.57784
lenevo,Intel Xeon E3-1505M ,12GB,256GB eMMC,AMD Radeon RX 5600M,64088.5432
Apple,Intel Pentium Quad Core N4200,4GB,128GB PCIe SSD,AMD Radeon RX 5600M,36027.42273
Dell,Intel Core i7,8GB,1TB SSHD,NVIDIA GeForce GTX 1650,81970.24458
hp,Intel Core i5,16GB,1TB SSHD,AMD Radeon RX 5600M,61718.51725
Acer,Intel Core i7,12GB,512GB eMMC,AMD Radeon RX 5600M,41785.60752
Chuwi,Intel Xeon E3-1505M ,16GB,1TB SSHD,Intel Iris Xe Graphics,64947.63476
Apple,Intel Core i5,12GB,1TB HDD,Intel Iris Xe Graphics,35310.87123
hp,Intel Core i9,8GB,2TB SATA SSD,NVIDIA GeForce GTX 1650,62097.67936
Acer,Intel Pentium Quad Core N4200,16GB,6TB HDD,AMD Radeon RX 5600M,32592.89594
Chuwi,AMD A9-Series 9420,12GB,256GB Flash Storage,NVIDIA GeForce GTX 1650,58427.03088
Microsoft,Intel Atom x5-Z8550,8GB,1TB NVMe SSD,Intel Iris Xe Graphics,38471.06382
MSI,Intel Pentium Quad Core N4200,16GB,6TB HDD,Intel Iris Xe Graphics,64360.01327
hp,Intel Xeon E3-1505M ,12GB,2TB NVMe SSD,AMD Radeon RX 5600M,73469.21264
Chuwi,Intel Core i5,12GB,512GB SSD,AMD Radeon RX 5600M,58435.00554
Microsoft,Intel Core i5,8GB,512GB SSD,Intel Iris Xe Graphics,65786.31364
Asus,AMD Ryzen 7,16GB,2TB HDD,NVIDIA GeForce GTX 1650,55391.71663
Chuwi,Intel Core i5,8GB,1TB NVMe SSD,Intel Iris Xe Graphics,40552.47767
hp,Intel Core i5,4GB,2TB SATA SSD,Intel Iris Xe Graphics,63301.40562
hp,AMD A9-Series 9420,12GB,1TB HDD,Intel Iris Xe Graphics,73223.15967
Asus,AMD Ryzen 5,4GB,128GB PCIe SSD,AMD Radeon RX 5600M,42483.97758
MSI,AMD Ryzen 7,4GB,512GB NVMe SSD,NVIDIA GeForce GTX 1650,69713.63515
Apple,Intel Core i9,4GB,2TB NVMe SSD,AMD Radeon RX 5600M,68899.14796
lenevo,Intel Core i7,4GB,2TB HDD,Intel Iris Xe Graphics,37898.9193
Asus,Intel Pentium Quad Core N4200,4GB,256GB SSD,NVIDIA GeForce GTX 1650,63325.30992
hp,AMD Ryzen 5,4GB,512GB NVMe SSD,Intel Iris Xe Graphics,35649.25711
Chuwi,Intel Xeon E3-1505M ,4GB,256GB eMMC,NVIDIA GeForce GTX 1650,67151.88619
Acer,Intel Core i7,4GB,256GB Flash Storage,AMD Radeon RX 5600M,48917.19215
Asus,Intel Core i5,4GB,512GB SSD,Intel Iris Xe Graphics,33212.6143
hp,Intel Core i9,4GB,512GB SSD,Intel Iris Xe Graphics,56912.30984
Microsoft,Intel Core i9,16GB,128GB PCIe SSD,AMD Radeon RX 5600M,57837.00601
hp,Intel Core i5,4GB,4TB HDD,Intel Iris Xe Graphics,30295.01646
Asus,Intel Atom x5-Z8550,12GB,2TB NVMe SSD,NVIDIA GeForce GTX 1650,40493.96618
Acer,Intel Xeon E3-1505M ,16GB,256GB Flash Storage,AMD Radeon RX 5600M,52561.26029
MSI,AMD A9-Series 9420,4GB,1TB NVMe SSD,AMD Radeon RX 5600M,52502.63567
Chuwi,Intel Xeon E3-1505M ,16GB,128GB PCIe SSD,NVIDIA GeForce GTX 1650,62685.67806
Microsoft,Intel Atom x5-Z8550,16GB,2TB SATA SSD,Intel Iris Xe Graphics,35178.26096
Chuwi,Intel Atom x5-Z8550,12GB,512GB NVMe SSD,NVIDIA GeForce GTX 1650,44184.97448
Dell,Intel Core i9,16GB,256GB Flash Storage,NVIDIA GeForce GTX 1650,38414.06766
Chuwi,Intel Core i9,4GB,1TB Fusion Drive,AMD Radeon RX 5600M,57300.74964
Acer,Intel Core i5,12GB,1TB Fusion Drive,NVIDIA GeForce GTX 1650,49339.05703
Microsoft,AMD Ryzen 7,8GB,2TB HDD,AMD Radeon RX 5600M,52753.98946
lenevo,Intel Pentium Quad Core N4200,12GB,512GB SSD,Intel Iris Xe Graphics,65883.59697
Acer,Intel Core i5,8GB,1TB HDD,Intel Iris Xe Graphics,52469.4485
Apple,Intel Pentium Quad Core N4200,8GB,512GB eMMC,NVIDIA GeForce GTX 1650,33254.60306
Apple,AMD Ryzen 7,12GB,1TB SSHD,NVIDIA GeForce GTX 1650,54751.99367
Acer,AMD Ryzen 7,4GB,2TB SATA SSD,Intel Iris Xe Graphics,44168.76795
MSI,Intel Core i9,16GB,2TB SATA SSD,AMD Radeon RX 5600M,65814.78046
Dell,AMD Ryzen 5,8GB,512GB eMMC,Intel Iris Xe Graphics,78110.70388
Chuwi,AMD A9-Series 9420,8GB,1TB Fusion Drive,AMD Radeon RX 5600M,35752.17128
Microsoft,Intel Atom x5-Z8550,4GB,2TB SATA SSD,NVIDIA GeForce GTX 1650,67440.98261
Dell,Intel Pentium Quad Core N4200,8GB,1TB NVMe SSD,AMD Radeon RX 5600M,99808.15404
Asus,Intel Celeron Dual Core 3855U ,4GB,256GB PCIe SSD,NVIDIA GeForce GTX 1650,62907.65182
Dell,Intel Core i5,16GB,1TB NVMe SSD,NVIDIA GeForce GTX 1650,44587.96876
Asus,Intel Core i7,4GB,1TB Fusion Drive,AMD Radeon RX 5600M,48701.56203
Apple,AMD A9-Series 9420,12GB,2TB SATA SSD,Intel Iris Xe Graphics,54406.21553
Chuwi,Intel Atom x5-Z8550,4GB,128GB SSD,NVIDIA GeForce GTX 1650,34806.12733
Apple,Intel Celeron Dual Core 3855U ,8GB,2TB NVMe SSD,AMD Radeon RX 5600M,47306.22794
Acer,Intel Core i5,16GB,256GB eMMC,Intel Iris Xe Graphics,59730.40463
Asus,Intel Celeron Dual Core 3855U ,16GB,256GB Flash Storage,Intel Iris Xe Graphics,65669.99578
Asus,Intel Atom x5-Z8550,8GB,128GB SSD,NVIDIA GeForce GTX 1650,38136.08708
Microsoft,Intel Core i9,8GB,1TB HDD,NVIDIA GeForce GTX 1650,69564.23507
lenevo,AMD Ryzen 7,4GB,2TB SATA SSD,Intel Iris Xe Graphics,47326.65587
Asus,AMD Ryzen 5,16GB,2TB NVMe SSD,AMD Radeon RX 5600M,51394.15952
Dell,AMD Ryzen 7,12GB,256GB Flash Storage,Intel Iris Xe Graphics,37262.77462
Dell,Intel Core i5,16GB,1TB SSHD,NVIDIA GeForce GTX 1650,61367.00111
Apple,Intel Celeron Dual Core 3855U ,16GB,2TB NVMe SSD,NVIDIA GeForce GTX 1650,64514.31529
Asus,Intel Celeron Dual Core 3855U ,4GB,256GB PCIe SSD,AMD Radeon RX 5600M,65786.5075
hp,AMD A9-Series 9420,4GB,512GB eMMC,Intel Iris Xe Graphics,51819.85164
Microsoft,Intel Core i5,4GB,2TB SATA SSD,NVIDIA GeForce GTX 1650,62489.57345
lenevo,Intel Celeron Dual Core 3855U ,8GB,1TB HDD,NVIDIA GeForce GTX 1650,36741.22614
Apple,Intel Core i7,16GB,256GB Flash Storage,Intel Iris Xe Graphics,57187.79882
Asus,Intel Pentium Quad Core N4200,12GB,128GB PCIe SSD,AMD Radeon RX 5600M,42443.9518
Asus,Intel Celeron Dual Core 3855U ,16GB,1TB NVMe SSD,NVIDIA GeForce GTX 1650,42157.0703
Apple,Intel Celeron Dual Core 3855U ,8GB,4TB HDD,NVIDIA GeForce GTX 1650,41284.77108
Dell,Intel Xeon E3-1505M ,12GB,1TB Fusion Drive,NVIDIA GeForce GTX 1650,54456.72027
lenevo,AMD Ryzen 5,12GB,2TB NVMe SSD,Intel Iris Xe Graphics,64591.31876
lenevo,Intel Celeron Dual Core 3855U ,12GB,2TB SATA SSD,NVIDIA GeForce GTX 1650,30094.71092
Acer,Intel Core i9,8GB,1TB SSHD,NVIDIA GeForce GTX 1650,41897.62711
Dell,Intel Celeron Dual Core 3855U ,12GB,1TB HDD,AMD Radeon RX 5600M,39258.08767
Chuwi,Intel Core i9,4GB,4TB HDD,AMD Radeon RX 5600M,61308.74696
Apple,AMD Ryzen 5,4GB,128GB PCIe SSD,AMD Radeon RX 5600M,51437.85158
Microsoft,AMD Ryzen 7,8GB,6TB HDD,Intel Iris Xe Graphics,33743.50623
Asus,Intel Pentium Quad Core N4200,12GB,2TB SATA SSD,NVIDIA GeForce GTX 1650,65586.47495
hp,Intel Atom x5-Z8550,12GB,2TB NVMe SSD,NVIDIA GeForce GTX 1650,74110.1658
Chuwi,AMD Ryzen 7,4GB,128GB SSD,NVIDIA GeForce GTX 1650,49008.7875
Apple,AMD Ryzen 5,4GB,6TB HDD,NVIDIA GeForce GTX 1650,34772.32606
Microsoft,Intel Xeon E3-1505M ,4GB,2TB NVMe SSD,NVIDIA GeForce GTX 1650,31584.82255
Dell,AMD A9-Series 9420,4GB,1TB SSHD,Intel Iris Xe Graphics,44765.62884
MSI,Intel Celeron Dual Core 3855U ,16GB,2TB SATA SSD,NVIDIA GeForce GTX 1650,47986.11711
MSI,Intel Pentium Quad Core N4200,4GB,512GB eMMC,NVIDIA GeForce GTX 1650,57796.74859
MSI,Intel Celeron Dual Core 3855U ,16GB,256GB eMMC,NVIDIA GeForce GTX 1650,50369.12912
Chuwi,Intel Core i5,12GB,1TB NVMe SSD,AMD Radeon RX 5600M,47778.70545
Acer,Intel Core i5,12GB,1TB SSHD,NVIDIA GeForce GTX 1650,30552.04127
Dell,Intel Atom x5-Z8550,4GB,2TB SATA SSD,NVIDIA GeForce GTX 1650,65473.61276
Dell,Intel Atom x5-Z8550,12GB,1TB HDD,Intel Iris Xe Graphics,41480.91374
Dell,AMD Ryzen 5,12GB,256GB Flash Storage,AMD Radeon RX 5600M,56531.67251
hp,AMD A9-Series 9420,4GB,1TB HDD,NVIDIA GeForce GTX 1650,46179.85083
hp,Intel Xeon E3-1505M ,4GB,2TB SATA SSD,AMD Radeon RX 5600M,62395.84358
Microsoft,Intel Celeron Dual Core 3855U ,8GB,2TB HDD,NVIDIA GeForce GTX 1650,52219.13543
MSI,Intel Atom x5-Z8550,16GB,256GB Flash Storage,Intel Iris Xe Graphics,68910.34509
Asus,Intel Xeon E3-1505M ,16GB,2TB SATA SSD,AMD Radeon RX 5600M,69793.47049
MSI,Intel Core i9,8GB,4TB HDD,NVIDIA GeForce GTX 1650,56565.94316
Apple,Intel Celeron Dual Core 3855U ,16GB,256GB PCIe SSD,NVIDIA GeForce GTX 1650,88763.86147
Acer,AMD Ryzen 5,4GB,128GB SSD,AMD Radeon RX 5600M,34562.32768
Asus,AMD Ryzen 7,4GB,1TB SSHD,Intel Iris Xe Graphics,41859.64683
Microsoft,Intel Xeon E3-1505M ,12GB,2TB SATA SSD,Intel Iris Xe Graphics,63648.13869
Asus,Intel Core i9,16GB,256GB SSD,AMD Radeon RX 5600M,58520.62465
MSI,Intel Pentium Quad Core N4200,8GB,512GB NVMe SSD,Intel Iris Xe Graphics,65834.89288
Chuwi,Intel Xeon E3-1505M ,8GB,4TB HDD,NVIDIA GeForce GTX 1650,39035.84428
Asus,Intel Xeon E3-1505M ,4GB,256GB eMMC,Intel Iris Xe Graphics,68078.56046
Apple,Intel Atom x5-Z8550,16GB,256GB SSD,Intel Iris Xe Graphics,41009.30475
lenevo,AMD Ryzen 7,4GB,512GB eMMC,NVIDIA GeForce GTX 1650,47346.55185
MSI,AMD A9-Series 9420,16GB,1TB NVMe SSD,Intel Iris Xe Graphics,60360.17385
Dell,Intel Core i5,16GB,2TB HDD,NVIDIA GeForce GTX 1650,61553.20602
Asus,Intel Core i7,8GB,1TB HDD,NVIDIA GeForce GTX 1650,42679.17664
Acer,Intel Core i5,12GB,1TB HDD,Intel Iris Xe Graphics,33112.24567
hp,Intel Core i7,4GB,1TB NVMe SSD,Intel Iris Xe Graphics,30998.22149
hp,Intel Atom x5-Z8550,16GB,256GB PCIe SSD,NVIDIA GeForce GTX 1650,52326.66528
Asus,Intel Core i5,4GB,512GB eMMC,AMD Radeon RX 5600M,56186.70352
MSI,Intel Celeron Dual Core 3855U ,8GB,512GB eMMC,AMD Radeon RX 5600M,52245.80354
Microsoft,Intel Xeon E3-1505M ,8GB,1TB HDD,NVIDIA GeForce GTX 1650,41592.01018
Acer,Intel Xeon E3-1505M ,16GB,256GB eMMC,NVIDIA GeForce GTX 1650,58894.33786
Acer,AMD Ryzen 5,16GB,128GB SSD,NVIDIA GeForce GTX 1650,65175.14099
Chuwi,Intel Atom x5-Z8550,4GB,4TB HDD,NVIDIA GeForce GTX 1650,45558.75365
Asus,AMD Ryzen 5,16GB,128GB SSD,NVIDIA GeForce GTX 1650,66121.63085
Dell,Intel Core i9,12GB,256GB Flash Storage,AMD Radeon RX 5600M,57613.39967
MSI,Intel Xeon E3-1505M ,12GB,128GB SSD,Intel Iris Xe Graphics,48532.54303
Microsoft,AMD A9-Series 9420,12GB,2TB SATA SSD,AMD Radeon RX 5600M,38345.14916
Apple,Intel Atom x5-Z8550,4GB,256GB SSD,Intel Iris Xe Graphics,41196.70516
MSI,AMD Ryzen 7,4GB,1TB NVMe SSD,AMD Radeon RX 5600M,38794.6963
Microsoft,Intel Xeon E3-1505M ,16GB,256GB Flash Storage,AMD Radeon RX 5600M,35178.43726
lenevo,Intel Atom x5-Z8550,8GB,512GB NVMe SSD,AMD Radeon RX 5600M,55040.46726
Acer,AMD Ryzen 5,4GB,4TB HDD,AMD Radeon RX 5600M,51057.2898
Asus,AMD Ryzen 7,8GB,2TB HDD,NVIDIA GeForce GTX 1650,37974.68937
Chuwi,Intel Celeron Dual Core 3855U ,16GB,1TB NVMe SSD,Intel Iris Xe Graphics,67914.49411
Chuwi,Intel Core i5,4GB,6TB HDD,NVIDIA GeForce GTX 1650,59276.34418
Dell,Intel Pentium Quad Core N4200,4GB,128GB SSD,AMD Radeon RX 5600M,30380.91959
Asus,Intel Core i5,16GB,4TB HDD,AMD Radeon RX 5600M,33010.78724
Chuwi,Intel Celeron Dual Core 3855U ,8GB,2TB HDD,NVIDIA GeForce GTX 1650,36085.12579
Acer,AMD Ryzen 5,4GB,1TB HDD,AMD Radeon RX 5600M,62863.69511
hp,Intel Core i9,12GB,1TB Fusion Drive,NVIDIA GeForce GTX 1650,77034.33784
lenevo,Intel Pentium Quad Core N4200,12GB,1TB HDD,AMD Radeon RX 5600M,32885.02083
Chuwi,Intel Pentium Quad Core N4200,8GB,256GB SSD,NVIDIA GeForce GTX 1650,30780.05399
lenevo,Intel Core i7,12GB,512GB eMMC,NVIDIA GeForce GTX 1650,58756.19928
Dell,Intel Xeon E3-1505M ,16GB,256GB Flash Storage,AMD Radeon RX 5600M,40829.27779
lenevo,Intel Core i7,8GB,256GB eMMC,AMD Radeon RX 5600M,35963.27616
Dell,AMD Ryzen 5,8GB,1TB HDD,Intel Iris Xe Graphics,83149.59755
lenevo,Intel Xeon E3-1505M ,4GB,1TB NVMe SSD,Intel Iris Xe Graphics,59511.39139
hp,Intel Core i5,4GB,256GB PCIe SSD,AMD Radeon RX 5600M,68380.98366
Acer,Intel Pentium Quad Core N4200,12GB,256GB SSD,AMD Radeon RX 5600M,68979.04381
Apple,Intel Pentium Quad Core N4200,8GB,4TB HDD,AMD Radeon RX 5600M,30754.41882
MSI,AMD Ryzen 5,8GB,1TB HDD,AMD Radeon RX 5600M,59418.84436
lenevo,Intel Atom x5-Z8550,8GB,4TB HDD,Intel Iris Xe Graphics,34429.39216
Dell,Intel Core i7,8GB,2TB SATA SSD,Intel Iris Xe Graphics,88848.93155
MSI,Intel Core i5,8GB,1TB HDD,NVIDIA GeForce GTX 1650,38786.37531
Acer,AMD A9-Series 9420,16GB,256GB PCIe SSD,AMD Radeon RX 5600M,32203.99133
lenevo,Intel Atom x5-Z8550,12GB,1TB HDD,Intel Iris Xe Graphics,55729.15848
Apple,Intel Xeon E3-1505M ,4GB,1TB NVMe SSD,AMD Radeon RX 5600M,40778.85235
MSI,AMD A9-Series 9420,8GB,2TB NVMe SSD,Intel Iris Xe Graphics,45450.10304
Apple,AMD Ryzen 5,8GB,512GB eMMC,NVIDIA GeForce GTX 1650,37780.1601
Microsoft,Intel Pentium Quad Core N4200,4GB,1TB HDD,NVIDIA GeForce GTX 1650,37480.56237
Acer,AMD Ryzen 5,12GB,4TB HDD,Intel Iris Xe Graphics,65712.61604
Apple,Intel Core i7,12GB,2TB SATA SSD,AMD Radeon RX 5600M,48687.2608
Microsoft,Intel Atom x5-Z8550,12GB,256GB SSD,AMD Radeon RX 5600M,68342.24547
Acer,Intel Xeon E3-1505M ,12GB,2TB HDD,NVIDIA GeForce GTX 1650,59605.5849
Apple,Intel Atom x5-Z8550,4GB,2TB HDD,NVIDIA GeForce GTX 1650,58937.8555
Acer,Intel Core i9,12GB,6TB HDD,Intel Iris Xe Graphics,62933.26813
MSI,Intel Core i7,16GB,256GB eMMC,AMD Radeon RX 5600M,42148.14108
Acer,AMD Ryzen 5,8GB,256GB PCIe SSD,Intel Iris Xe Graphics,65231.00509
Apple,Intel Celeron Dual Core 3855U ,12GB,1TB Fusion Drive,NVIDIA GeForce GTX 1650,57380.83105
Asus,AMD Ryzen 5,12GB,128GB SSD,NVIDIA GeForce GTX 1650,41862.38599
hp,Intel Atom x5-Z8550,8GB,1TB Fusion Drive,AMD Radeon RX 5600M,32910.21236
Dell,AMD Ryzen 7,4GB,512GB NVMe SSD,NVIDIA GeForce GTX 1650,37352.22297
hp,Intel Celeron Dual Core 3855U ,12GB,512GB SSD,AMD Radeon RX 5600M,69646.63329
Dell,Intel Core i9,4GB,1TB SSHD,AMD Radeon RX 5600M,40360.09153
hp,AMD Ryzen 5,16GB,1TB HDD,AMD Radeon RX 5600M,58023.32102
MSI,Intel Core i7,4GB,2TB SATA SSD,AMD Radeon RX 5600M,42457.59516
Dell,AMD A9-Series 9420,12GB,1TB Fusion Drive,AMD Radeon RX 5600M,51663.34769
lenevo,Intel Core i9,4GB,128GB SSD,AMD Radeon RX 5600M,40835.99606
hp,Intel Xeon E3-1505M ,8GB,1TB SSHD,Intel Iris Xe Graphics,56077.5288
Apple,Intel Core i9,12GB,6TB HDD,AMD Radeon RX 5600M,42312.86814
MSI,Intel Pentium Quad Core N4200,4GB,1TB HDD,AMD Radeon RX 5600M,33752.0779
Asus,Intel Xeon E3-1505M ,8GB,512GB eMMC,AMD Radeon RX 5600M,49115.84213
MSI,AMD Ryzen 5,4GB,256GB Flash Storage,AMD Radeon RX 5600M,31817.1048
Chuwi,Intel Xeon E3-1505M ,8GB,4TB HDD,Intel Iris Xe Graphics,56245.71325
Asus,AMD A9-Series 9420,16GB,512GB SSD,NVIDIA GeForce GTX 1650,60437.01573
Asus,Intel Xeon E3-1505M ,4GB,1TB NVMe SSD,Intel Iris Xe Graphics,54878.60639
Chuwi,Intel Core i5,4GB,2TB HDD,AMD Radeon RX 5600M,42207.52322
MSI,AMD Ryzen 5,4GB,1TB NVMe SSD,NVIDIA GeForce GTX 1650,42336.97127
Acer,AMD Ryzen 7,8GB,4TB HDD,NVIDIA GeForce GTX 1650,37405.24115
Apple,AMD Ryzen 5,4GB,2TB NVMe SSD,AMD Radeon RX 5600M,37524.81144
Dell,Intel Core i5,12GB,256GB PCIe SSD,NVIDIA GeForce GTX 1650,48992.10015
Apple,AMD A9-Series 9420,8GB,1TB SSHD,AMD Radeon RX 5600M,53371.28996
Chuwi,Intel Core i5,8GB,4TB HDD,Intel Iris Xe Graphics,41950.44922
Dell,AMD A9-Series 9420,12GB,512GB eMMC,Intel Iris Xe Graphics,40767.57102
Dell,Intel Xeon E3-1505M ,12GB,2TB HDD,Intel Iris Xe Graphics,32829.4569
Apple,AMD Ryzen 7,12GB,128GB PCIe SSD,AMD Radeon RX 5600M,39949.51784
hp,Intel Atom x5-Z8550,4GB,1TB HDD,AMD Radeon RX 5600M,50871.75839
lenevo,Intel Celeron Dual Core 3855U ,16GB,2TB NVMe SSD,AMD Radeon RX 5600M,62049.75184
Dell,Intel Pentium Quad Core N4200,8GB,512GB eMMC,NVIDIA GeForce GTX 1650,97810.33101
Asus,Intel Core i9,4GB,512GB SSD,AMD Radeon RX 5600M,66912.00062
MSI,Intel Core i5,4GB,1TB HDD,Intel Iris Xe Graphics,61264.38036
MSI,Intel Atom x5-Z8550,16GB,1TB HDD,NVIDIA GeForce GTX 1650,45467.80464
hp,AMD A9-Series 9420,12GB,6TB HDD,Intel Iris Xe Graphics,79670.27849
Acer,Intel Celeron Dual Core 3855U ,4GB,1TB HDD,AMD Radeon RX 5600M,65555.07511
Asus,AMD A9-Series 9420,8GB,1TB HDD,Intel Iris Xe Graphics,51640.08818
hp,Intel Xeon E3-1505M ,8GB,128GB SSD,AMD Radeon RX 5600M,38043.51448
Chuwi,Intel Celeron Dual Core 3855U ,16GB,1TB HDD,NVIDIA GeForce GTX 1650,57376.89806
Acer,Intel Atom x5-Z8550,4GB,128GB SSD,NVIDIA GeForce GTX 1650,64804.75013
Microsoft,Intel Xeon E3-1505M ,16GB,256GB SSD,AMD Radeon RX 5600M,65313.51335
hp,Intel Core i9,12GB,256GB eMMC,AMD Radeon RX 5600M,63320.92712
Chuwi,AMD Ryzen 5,12GB,4TB HDD,AMD Radeon RX 5600M,65227.16878
Acer,Intel Xeon E3-1505M ,8GB,512GB NVMe SSD,NVIDIA GeForce GTX 1650,34799.95637
hp,Intel Core i7,8GB,1TB SSHD,Intel Iris Xe Graphics,49490.59611
Chuwi,Intel Xeon E3-1505M ,12GB,512GB NVMe SSD,AMD Radeon RX 5600M,30142.55791
lenevo,Intel Celeron Dual Core 3855U ,16GB,256GB eMMC,AMD Radeon RX 5600M,50294.23495
lenevo,AMD Ryzen 5,16GB,128GB SSD,Intel Iris Xe Graphics,48667.91836
lenevo,AMD A9-Series 9420,8GB,256GB Flash Storage,AMD Radeon RX 5600M,40734.06981
MSI,AMD A9-Series 9420,12GB,128GB PCIe SSD,AMD Radeon RX 5600M,58481.70827
lenevo,Intel Celeron Dual Core 3855U ,4GB,6TB HDD,NVIDIA GeForce GTX 1650,48226.02248
lenevo,AMD Ryzen 5,8GB,256GB eMMC,Intel Iris Xe Graphics,64475.79954
Microsoft,Intel Core i9,8GB,1TB SSHD,Intel Iris Xe Graphics,65554.78457
lenevo,AMD A9-Series 9420,16GB,2TB SATA SSD,AMD Radeon RX 5600M,52006.99978
Acer,Intel Core i7,8GB,256GB PCIe SSD,AMD Radeon RX 5600M,42894.21739
Chuwi,Intel Core i7,8GB,512GB NVMe SSD,NVIDIA GeForce GTX 1650,63201.70854
MSI,Intel Pentium Quad Core N4200,12GB,2TB HDD,AMD Radeon RX 5600M,42905.16507
Apple,Intel Core i7,12GB,1TB HDD,NVIDIA GeForce GTX 1650,37465.65393
Apple,Intel Xeon E3-1505M ,16GB,512GB eMMC,Intel Iris Xe Graphics,48103.90112
Acer,AMD Ryzen 7,4GB,256GB PCIe SSD,NVIDIA GeForce GTX 1650,64503.0143
Acer,Intel Xeon E3-1505M ,16GB,4TB HDD,NVIDIA GeForce GTX 1650,39656.85314
hp,Intel Celeron Dual Core 3855U ,8GB,6TB HDD,NVIDIA GeForce GTX 1650,36786.98807
hp,AMD Ryzen 5,12GB,1TB Fusion Drive,NVIDIA GeForce GTX 1650,65212.34811
Acer,AMD Ryzen 7,4GB,2TB NVMe SSD,Intel Iris Xe Graphics,36767.21638
hp,Intel Core i7,8GB,1TB HDD,Intel Iris Xe Graphics,56286.60651
Microsoft,Intel Xeon E3-1505M ,4GB,512GB NVMe SSD,AMD Radeon RX 5600M,33360.90851
lenevo,AMD Ryzen 5,16GB,512GB SSD,NVIDIA GeForce GTX 1650,46151.39687
Asus,Intel Core i9,8GB,2TB HDD,AMD Radeon RX 5600M,57773.8849
MSI,Intel Core i9,16GB,1TB HDD,Intel Iris Xe Graphics,48974.85655
Dell,AMD A9-Series 9420,16GB,512GB eMMC,NVIDIA GeForce GTX 1650,49471.30074
lenevo,Intel Pentium Quad Core N4200,4GB,1TB Fusion Drive,Intel Iris Xe Graphics,44101.89035
hp,Intel Pentium Quad Core N4200,12GB,256GB Flash Storage,Intel Iris Xe Graphics,69711.44798
lenevo,Intel Xeon E3-1505M ,8GB,1TB HDD,NVIDIA GeForce GTX 1650,32575.56548
hp,Intel Core i7,16GB,1TB SSHD,Intel Iris Xe Graphics,54217.61539
lenevo,Intel Celeron Dual Core 3855U ,12GB,256GB eMMC,AMD Radeon RX 5600M,69215.60086
lenevo,Intel Core i9,12GB,256GB eMMC,NVIDIA GeForce GTX 1650,68229.99325
Microsoft,AMD Ryzen 7,16GB,2TB SATA SSD,NVIDIA GeForce GTX 1650,48977.65687
Asus,Intel Core i9,8GB,512GB NVMe SSD,AMD Radeon RX 5600M,37543.05005
Acer,Intel Core i7,16GB,6TB HDD,NVIDIA GeForce GTX 1650,61353.36536
hp,Intel Xeon E3-1505M ,12GB,512GB SSD,AMD Radeon RX 5600M,62619.28922
Chuwi,AMD Ryzen 5,4GB,2TB NVMe SSD,NVIDIA GeForce GTX 1650,54447.2758
Acer,Intel Atom x5-Z8550,4GB,1TB HDD,NVIDIA GeForce GTX 1650,58837.44153
Apple,AMD Ryzen 5,16GB,512GB SSD,NVIDIA GeForce GTX 1650,53497.97279
lenevo,Intel Pentium Quad Core N4200,12GB,256GB Flash Storage,NVIDIA GeForce GTX 1650,34542.50098
Microsoft,AMD Ryzen 5,12GB,1TB HDD,NVIDIA GeForce GTX 1650,32449.74366
Microsoft,Intel Core i7,8GB,128GB SSD,NVIDIA GeForce GTX 1650,66593.17323
Microsoft,AMD Ryzen 7,8GB,1TB HDD,AMD Radeon RX 5600M,33302.04563
lenevo,Intel Atom x5-Z8550,8GB,512GB eMMC,Intel Iris Xe Graphics,37174.19457
Apple,Intel Pentium Quad Core N4200,12GB,1TB HDD,Intel Iris Xe Graphics,55654.84405
Acer,Intel Core i5,12GB,6TB HDD,NVIDIA GeForce GTX 1650,37484.57649
Dell,Intel Xeon E3-1505M ,4GB,512GB SSD,NVIDIA GeForce GTX 1650,66531.55654
Microsoft,Intel Atom x5-Z8550,12GB,1TB NVMe SSD,Intel Iris Xe Graphics,44773.19088
lenevo,Intel Xeon E3-1505M ,4GB,256GB PCIe SSD,AMD Radeon RX 5600M,54175.10175
hp,Intel Celeron Dual Core 3855U ,8GB,2TB HDD,AMD Radeon RX 5600M,69860.79987
lenevo,Intel Core i9,16GB,1TB HDD,NVIDIA GeForce GTX 1650,48222.07047
MSI,Intel Core i5,8GB,256GB PCIe SSD,AMD Radeon RX 5600M,30449.7158
Microsoft,Intel Pentium Quad Core N4200,12GB,512GB eMMC,AMD Radeon RX 5600M,55072.2809
Acer,AMD A9-Series 9420,16GB,6TB HDD,Intel Iris Xe Graphics,63812.23611
Dell,Intel Celeron Dual Core 3855U ,8GB,512GB NVMe SSD,AMD Radeon RX 5600M,73132.11547
lenevo,AMD Ryzen 7,12GB,256GB SSD,Intel Iris Xe Graphics,31274.44542
Acer,AMD A9-Series 9420,12GB,1TB HDD,AMD Radeon RX 5600M,46726.44091
hp,Intel Atom x5-Z8550,8GB,2TB HDD,Intel Iris Xe Graphics,56035.07606
Apple,Intel Core i5,16GB,256GB PCIe SSD,NVIDIA GeForce GTX 1650,62786.87836
Chuwi,Intel Atom x5-Z8550,12GB,4TB HDD,AMD Radeon RX 5600M,40782.83979
Acer,Intel Core i5,16GB,2TB SATA SSD,Intel Iris Xe Graphics,54005.09347
Apple,Intel Atom x5-Z8550,12GB,1TB SSHD,Intel Iris Xe Graphics,59730.69736
Chuwi,Intel Core i7,4GB,512GB NVMe SSD,Intel Iris Xe Graphics,59066.32751
lenevo,Intel Core i9,16GB,1TB HDD,NVIDIA GeForce GTX 1650,36146.55692
lenevo,Intel Core i7,8GB,1TB Fusion Drive,NVIDIA GeForce GTX 1650,53086.42519
lenevo,Intel Celeron Dual Core 3855U ,4GB,1TB HDD,NVIDIA GeForce GTX 1650,34321.8726
Chuwi,Intel Xeon E3-1505M ,12GB,1TB SSHD,NVIDIA GeForce GTX 1650,39798.14766
hp,Intel Core i7,12GB,512GB NVMe SSD,Intel Iris Xe Graphics,66594.966
Microsoft,Intel Celeron Dual Core 3855U ,12GB,2TB SATA SSD,NVIDIA GeForce GTX 1650,32538.92131
MSI,Intel Core i5,4GB,2TB HDD,NVIDIA GeForce GTX 1650,31931.21986
Acer,Intel Core i7,4GB,2TB SATA SSD,NVIDIA GeForce GTX 1650,53792.48531
MSI,Intel Core i9,16GB,512GB SSD,NVIDIA GeForce GTX 1650,55688.67364
Asus,AMD Ryzen 5,16GB,6TB HDD,Intel Iris Xe Graphics,54022.74848
MSI,AMD A9-Series 9420,16GB,1TB HDD,NVIDIA GeForce GTX 1650,69413.21501
Apple,Intel Core i9,12GB,512GB NVMe SSD,AMD Radeon RX 5600M,62811.59147
Apple,Intel Xeon E3-1505M ,8GB,256GB eMMC,AMD Radeon RX 5600M,30894.80233
Chuwi,Intel Core i5,8GB,256GB PCIe SSD,Intel Iris Xe Graphics,46225.76374
Asus,Intel Atom x5-Z8550,16GB,2TB HDD,NVIDIA GeForce GTX 1650,66902.46329
Microsoft,AMD Ryzen 7,16GB,128GB PCIe SSD,Intel Iris Xe Graphics,56363.26982
Acer,Intel Atom x5-Z8550,16GB,512GB eMMC,AMD Radeon RX 5600M,44996.71105
MSI,Intel Core i9,16GB,1TB SSHD,NVIDIA GeForce GTX 1650,41332.18477
Apple,Intel Pentium Quad Core N4200,4GB,2TB HDD,AMD Radeon RX 5600M,66328.5798
Asus,Intel Pentium Quad Core N4200,4GB,6TB HDD,AMD Radeon RX 5600M,30449.76023
Chuwi,Intel Atom x5-Z8550,12GB,128GB PCIe SSD,NVIDIA GeForce GTX 1650,45587.84973
Microsoft,Intel Core i7,4GB,256GB SSD,Intel Iris Xe Graphics,50131.79116
Acer,Intel Pentium Quad Core N4200,12GB,512GB eMMC,AMD Radeon RX 5600M,63264.58707
Chuwi,Intel Pentium Quad Core N4200,4GB,2TB SATA SSD,AMD Radeon RX 5600M,64059.43865
Microsoft,Intel Core i9,16GB,128GB PCIe SSD,Intel Iris Xe Graphics,45766.98286
lenevo,Intel Pentium Quad Core N4200,12GB,512GB eMMC,Intel Iris Xe Graphics,30148.32135
Microsoft,Intel Xeon E3-1505M ,12GB,6TB HDD,NVIDIA GeForce GTX 1650,31494.70282
Asus,Intel Core i5,16GB,1TB HDD,AMD Radeon RX 5600M,58385.34661
Apple,Intel Core i9,8GB,1TB Fusion Drive,NVIDIA GeForce GTX 1650,58501.46931
Microsoft,AMD A9-Series 9420,8GB,128GB SSD,NVIDIA GeForce GTX 1650,50387.28572
lenevo,Intel Core i9,16GB,128GB SSD,Intel Iris Xe Graphics,57226.09461
Apple,Intel Atom x5-Z8550,8GB,1TB HDD,NVIDIA GeForce GTX 1650,35641.32635
Dell,Intel Pentium Quad Core N4200,12GB,6TB HDD,AMD Radeon RX 5600M,41542.05157
lenevo,Intel Celeron Dual Core 3855U ,16GB,512GB NVMe SSD,AMD Radeon RX 5600M,58295.96045
Apple,Intel Atom x5-Z8550,12GB,512GB eMMC,Intel Iris Xe Graphics,67195.31054
MSI,Intel Pentium Quad Core N4200,16GB,512GB eMMC,NVIDIA GeForce GTX 1650,51235.27927
Microsoft,Intel Core i9,8GB,256GB Flash Storage,NVIDIA GeForce GTX 1650,41627.03267
Apple,Intel Atom x5-Z8550,12GB,1TB HDD,NVIDIA GeForce GTX 1650,63460.15624
Chuwi,AMD A9-Series 9420,12GB,512GB NVMe SSD,Intel Iris Xe Graphics,58611.19753
MSI,Intel Core i9,16GB,256GB Flash Storage,NVIDIA GeForce GTX 1650,56907.2495
hp,Intel Xeon E3-1505M ,12GB,256GB Flash Storage,Intel Iris Xe Graphics,76472.07887
lenevo,Intel Atom x5-Z8550,4GB,1TB NVMe SSD,AMD Radeon RX 5600M,49636.62631
Dell,AMD Ryzen 7,16GB,2TB HDD,AMD Radeon RX 5600M,54587.5378
lenevo,Intel Core i7,4GB,256GB SSD,AMD Radeon RX 5600M,57290.62815
Chuwi,Intel Atom x5-Z8550,12GB,2TB HDD,NVIDIA GeForce GTX 1650,37628.5482
Dell,AMD Ryzen 7,12GB,1TB NVMe SSD,NVIDIA GeForce GTX 1650,34440.10985
MSI,Intel Xeon E3-1505M ,16GB,2TB SATA SSD,NVIDIA GeForce GTX 1650,42451.59939
Acer,Intel Atom x5-Z8550,16GB,1TB HDD,NVIDIA GeForce GTX 1650,49797.43627
Chuwi,AMD Ryzen 5,8GB,128GB SSD,NVIDIA GeForce GTX 1650,40213.89007
Asus,AMD A9-Series 9420,12GB,1TB NVMe SSD,AMD Radeon RX 5600M,63284.81067
Apple,Intel Xeon E3-1505M ,8GB,6TB HDD,NVIDIA GeForce GTX 1650,30897.06588
lenevo,Intel Pentium Quad Core N4200,8GB,1TB NVMe SSD,Intel Iris Xe Graphics,51818.44647
MSI,Intel Core i5,16GB,2TB NVMe SSD,Intel Iris Xe Graphics,68072.91364
Asus,Intel Core i5,4GB,1TB HDD,AMD Radeon RX 5600M,48874.19941
Chuwi,AMD A9-Series 9420,4GB,512GB SSD,Intel Iris Xe Graphics,64420.81548
lenevo,Intel Core i9,4GB,6TB HDD,AMD Radeon RX 5600M,41125.2916
MSI,AMD Ryzen 7,4GB,1TB Fusion Drive,NVIDIA GeForce GTX 1650,40657.2876
Asus,Intel Xeon E3-1505M ,16GB,1TB HDD,NVIDIA GeForce GTX 1650,56175.30422
MSI,Intel Atom x5-Z8550,16GB,1TB SSHD,NVIDIA GeForce GTX 1650,40708.63981
Apple,AMD A9-Series 9420,8GB,128GB PCIe SSD,AMD Radeon RX 5600M,53979.11006
Asus,Intel Core i5,4GB,1TB Fusion Drive,Intel Iris Xe Graphics,31757.9481
MSI,Intel Atom x5-Z8550,4GB,128GB PCIe SSD,Intel Iris Xe Graphics,69519.10066
Microsoft,Intel Pentium Quad Core N4200,12GB,1TB SSHD,NVIDIA GeForce GTX 1650,33119.2485
Apple,Intel Celeron Dual Core 3855U ,4GB,1TB SSHD,AMD Radeon RX 5600M,34952.62395
hp,Intel Core i5,8GB,1TB NVMe SSD,Intel Iris Xe Graphics,67671.5357
Microsoft,AMD Ryzen 7,8GB,1TB HDD,Intel Iris Xe Graphics,30590.27439
Asus,Intel Core i9,8GB,1TB SSHD,Intel Iris Xe Graphics,61199.13114
Acer,Intel Pentium Quad Core N4200,16GB,512GB eMMC,Intel Iris Xe Graphics,46047.14308
Asus,Intel Core i9,12GB,6TB HDD,Intel Iris Xe Graphics,45193.52533
Microsoft,AMD Ryzen 7,12GB,1TB HDD,Intel Iris Xe Graphics,47531.85324
Microsoft,Intel Atom x5-Z8550,4GB,256GB SSD,NVIDIA GeForce GTX 1650,67794.03283
Acer,Intel Pentium Quad Core N4200,12GB,128GB SSD,AMD Radeon RX 5600M,39812.5356
Microsoft,Intel Core i5,16GB,1TB Fusion Drive,AMD Radeon RX 5600M,40332.33537
Dell,AMD Ryzen 5,12GB,256GB eMMC,Intel Iris Xe Graphics,45984.27469
hp,Intel Pentium Quad Core N4200,12GB,512GB NVMe SSD,NVIDIA GeForce GTX 1650,75242.99367
Asus,AMD Ryzen 7,4GB,512GB NVMe SSD,Intel Iris Xe Graphics,47526.61766
Dell,AMD A9-Series 9420,12GB,1TB HDD,NVIDIA GeForce GTX 1650,66725.06532
Chuwi,Intel Xeon E3-1505M ,8GB,1TB NVMe SSD,AMD Radeon RX 5600M,33535.54327
lenevo,AMD Ryzen 7,4GB,1TB SSHD,NVIDIA GeForce GTX 1650,31058.07139
MSI,AMD Ryzen 5,12GB,1TB Fusion Drive,AMD Radeon RX 5600M,31258.57988
Asus,Intel Celeron Dual Core 3855U ,16GB,2TB NVMe SSD,Intel Iris Xe Graphics,37196.91783
Chuwi,Intel Core i5,4GB,256GB PCIe SSD,AMD Radeon RX 5600M,39511.60847
lenevo,AMD A9-Series 9420,12GB,128GB SSD,Intel Iris Xe Graphics,49148.22521
lenevo,Intel Pentium Quad Core N4200,16GB,4TB HDD,Intel Iris Xe Graphics,57662.95495
MSI,AMD Ryzen 7,16GB,128GB PCIe SSD,Intel Iris Xe Graphics,50813.235
Microsoft,AMD A9-Series 9420,8GB,128GB PCIe SSD,Intel Iris Xe Graphics,41114.17254
lenevo,Intel Pentium Quad Core N4200,8GB,128GB SSD,NVIDIA GeForce GTX 1650,43716.76065
Asus,Intel Core i9,12GB,128GB PCIe SSD,AMD Radeon RX 5600M,37433.12349
Dell,Intel Celeron Dual Core 3855U ,16GB,2TB NVMe SSD,AMD Radeon RX 5600M,44374.52679
Chuwi,Intel Pentium Quad Core N4200,8GB,1TB HDD,NVIDIA GeForce GTX 1650,58932.7574
Apple,AMD A9-Series 9420,8GB,128GB PCIe SSD,NVIDIA GeForce GTX 1650,57938.06062
Chuwi,Intel Pentium Quad Core N4200,4GB,1TB SSHD,Intel Iris Xe Graphics,50834.4572
Microsoft,Intel Core i5,16GB,256GB eMMC,AMD Radeon RX 5600M,56448.36201
Chuwi,AMD Ryzen 7,16GB,128GB SSD,AMD Radeon RX 5600M,32580.84193
Dell,Intel Core i7,16GB,4TB HDD,NVIDIA GeForce GTX 1650,35472.66552
MSI,Intel Xeon E3-1505M ,12GB,1TB SSHD,Intel Iris Xe Graphics,69592.72597
Chuwi,AMD A9-Series 9420,8GB,512GB eMMC,NVIDIA GeForce GTX 1650,47047.01512
Chuwi,Intel Celeron Dual Core 3855U ,8GB,128GB PCIe SSD,NVIDIA GeForce GTX 1650,57981.89183
MSI,Intel Celeron Dual Core 3855U ,8GB,512GB SSD,NVIDIA GeForce GTX 1650,31273.06646
Chuwi,Intel Core i7,12GB,512GB eMMC,NVIDIA GeForce GTX 1650,63681.63356
Microsoft,Intel Celeron Dual Core 3855U ,4GB,1TB HDD,Intel Iris Xe Graphics,45600.49882
MSI,AMD A9-Series 9420,4GB,256GB SSD,AMD Radeon RX 5600M,54120.11385
Microsoft,AMD Ryzen 7,12GB,256GB Flash Storage,AMD Radeon RX 5600M,32828.43949
Chuwi,AMD A9-Series 9420,8GB,1TB Fusion Drive,Intel Iris Xe Graphics,52301.69053
MSI,Intel Pentium Quad Core N4200,12GB,6TB HDD,AMD Radeon RX 5600M,31770.83439
Acer,AMD A9-Series 9420,16GB,1TB HDD,Intel Iris Xe Graphics,32260.65026
Microsoft,Intel Pentium Quad Core N4200,4GB,1TB SSHD,AMD Radeon RX 5600M,31251.4206
lenevo,Intel Core i7,8GB,1TB SSHD,NVIDIA GeForce GTX 1650,43174.75794
hp,Intel Atom x5-Z8550,16GB,1TB NVMe SSD,NVIDIA GeForce GTX 1650,58415.03687
Chuwi,Intel Core i9,12GB,2TB SATA SSD,AMD Radeon RX 5600M,53397.00461
hp,Intel Core i5,16GB,6TB HDD,AMD Radeon RX 5600M,65592.52868
MSI,Intel Core i5,12GB,256GB eMMC,Intel Iris Xe Graphics,30127.69055
Apple,Intel Xeon E3-1505M ,8GB,4TB HDD,NVIDIA GeForce GTX 1650,54972.40097
Microsoft,Intel Core i5,4GB,256GB eMMC,Intel Iris Xe Graphics,31600.01097
lenevo,AMD Ryzen 7,8GB,128GB SSD,AMD Radeon RX 5600M,66415.60297
hp,Intel Core i5,8GB,128GB SSD,AMD Radeon RX 5600M,65775.94826
hp,Intel Core i7,8GB,2TB SATA SSD,Intel Iris Xe Graphics,62268.99096
Apple,Intel Atom x5-Z8550,4GB,256GB eMMC,AMD Radeon RX 5600M,56703.21847
Apple,Intel Core i9,16GB,256GB Flash Storage,NVIDIA GeForce GTX 1650,61170.99515
Dell,AMD Ryzen 7,8GB,1TB HDD,Intel Iris Xe Graphics,97391.23468
MSI,AMD Ryzen 5,16GB,4TB HDD,NVIDIA GeForce GTX 1650,66576.37878
MSI,Intel Core i5,16GB,256GB Flash Storage,NVIDIA GeForce GTX 1650,50152.38401
Chuwi,Intel Pentium Quad Core N4200,4GB,2TB NVMe SSD,NVIDIA GeForce GTX 1650,40175.78403
Asus,Intel Atom x5-Z8550,16GB,512GB SSD,AMD Radeon RX 5600M,39116.10309
MSI,Intel Atom x5-Z8550,16GB,512GB eMMC,NVIDIA GeForce GTX 1650,45007.01044
Asus,AMD Ryzen 7,8GB,2TB HDD,NVIDIA GeForce GTX 1650,56080.6074
Microsoft,Intel Core i5,8GB,512GB eMMC,NVIDIA GeForce GTX 1650,62735.79196
Chuwi,AMD Ryzen 5,8GB,128GB PCIe SSD,AMD Radeon RX 5600M,37143.77136
lenevo,Intel Core i9,8GB,128GB PCIe SSD,NVIDIA GeForce GTX 1650,52463.19696
MSI,Intel Core i5,12GB,2TB NVMe SSD,NVIDIA GeForce GTX 1650,38573.55035
MSI,Intel Core i7,12GB,1TB NVMe SSD,NVIDIA GeForce GTX 1650,56142.87923
Apple,AMD A9-Series 9420,8GB,2TB NVMe SSD,AMD Radeon RX 5600M,61689.76435
Dell,AMD Ryzen 5,8GB,1TB Fusion Drive,AMD Radeon RX 5600M,86058.93586
Apple,AMD A9-Series 9420,4GB,512GB NVMe SSD,AMD Radeon RX 5600M,50572.11318
Dell,Intel Core i9,16GB,2TB HDD,AMD Radeon RX 5600M,54508.29931
Microsoft,Intel Pentium Quad Core N4200,8GB,2TB HDD,Intel Iris Xe Graphics,58711.18279
Chuwi,AMD A9-Series 9420,12GB,1TB NVMe SSD,Intel Iris Xe Graphics,43781.74719
lenevo,AMD Ryzen 7,4GB,512GB SSD,NVIDIA GeForce GTX 1650,33244.25312
Microsoft,Intel Pentium Quad Core N4200,12GB,1TB Fusion Drive,NVIDIA GeForce GTX 1650,39959.75274
hp,AMD Ryzen 5,4GB,512GB eMMC,Intel Iris Xe Graphics,50920.20343
MSI,AMD A9-Series 9420,12GB,128GB SSD,NVIDIA GeForce GTX 1650,48799.96243
hp,Intel Core i9,12GB,256GB PCIe SSD,NVIDIA GeForce GTX 1650,70464.00592
lenevo,Intel Core i9,4GB,2TB HDD,NVIDIA GeForce GTX 1650,34465.83295
Chuwi,Intel Core i5,8GB,1TB SSHD,Intel Iris Xe Graphics,36982.9525
MSI,AMD Ryzen 7,4GB,1TB NVMe SSD,Intel Iris Xe Graphics,62283.30483
MSI,Intel Core i5,16GB,256GB PCIe SSD,Intel Iris Xe Graphics,56439.46043
Microsoft,Intel Core i5,8GB,512GB SSD,Intel Iris Xe Graphics,61801.42636
Apple,Intel Core i5,16GB,6TB HDD,AMD Radeon RX 5600M,63402.80519
Chuwi,AMD Ryzen 7,16GB,256GB SSD,NVIDIA GeForce GTX 1650,42796.71375
Acer,Intel Pentium Quad Core N4200,16GB,2TB NVMe SSD,NVIDIA GeForce GTX 1650,34666.47157
Microsoft,Intel Pentium Quad Core N4200,16GB,256GB SSD,NVIDIA GeForce GTX 1650,67009.74877
hp,Intel Xeon E3-1505M ,12GB,512GB eMMC,AMD Radeon RX 5600M,74465.38983
Acer,AMD A9-Series 9420,8GB,128GB PCIe SSD,Intel Iris Xe Graphics,60208.07319
MSI,Intel Core i9,16GB,2TB SATA SSD,AMD Radeon RX 5600M,45645.80636
Chuwi,Intel Core i7,8GB,1TB HDD,Intel Iris Xe Graphics,48425.28742
Microsoft,AMD Ryzen 7,12GB,2TB HDD,NVIDIA GeForce GTX 1650,46544.97044
Chuwi,AMD Ryzen 5,16GB,4TB HDD,Intel Iris Xe Graphics,38821.77051
lenevo,Intel Xeon E3-1505M ,4GB,2TB NVMe SSD,NVIDIA GeForce GTX 1650,40382.12638
Dell,Intel Xeon E3-1505M ,12GB,128GB PCIe SSD,AMD Radeon RX 5600M,67317.57539
lenevo,Intel Atom x5-Z8550,8GB,1TB HDD,AMD Radeon RX 5600M,64509.76984
Chuwi,AMD A9-Series 9420,16GB,512GB SSD,AMD Radeon RX 5600M,54435.31688
MSI,Intel Atom x5-Z8550,8GB,1TB Fusion Drive,NVIDIA GeForce GTX 1650,47205.53568
MSI,Intel Core i5,12GB,256GB PCIe SSD,NVIDIA GeForce GTX 1650,33052.77988
Apple,Intel Core i7,8GB,1TB HDD,NVIDIA GeForce GTX 1650,39182.11083
Acer,AMD Ryzen 7,12GB,512GB NVMe SSD,NVIDIA GeForce GTX 1650,67809.26962
Dell,Intel Xeon E3-1505M ,4GB,128GB PCIe SSD,AMD Radeon RX 5600M,35782.03152
Chuwi,Intel Celeron Dual Core 3855U ,8GB,512GB NVMe SSD,Intel Iris Xe Graphics,37274.13277
Chuwi,Intel Atom x5-Z8550,12GB,256GB eMMC,AMD Radeon RX 5600M,48194.79081
lenevo,Intel Xeon E3-1505M ,8GB,128GB PCIe SSD,NVIDIA GeForce GTX 1650,56356.49388
Apple,AMD Ryzen 5,8GB,1TB HDD,NVIDIA GeForce GTX 1650,53586.18226
Microsoft,Intel Celeron Dual Core 3855U ,4GB,2TB SATA SSD,NVIDIA GeForce GTX 1650,62995.74121
Chuwi,Intel Xeon E3-1505M ,4GB,256GB Flash Storage,AMD Radeon RX 5600M,38653.70064
Microsoft,Intel Pentium Quad Core N4200,8GB,2TB SATA SSD,Intel Iris Xe Graphics,47068.56258
Asus,AMD A9-Series 9420,16GB,128GB SSD,NVIDIA GeForce GTX 1650,67615.08436
Asus,Intel Core i9,16GB,1TB Fusion Drive,NVIDIA GeForce GTX 1650,32066.11874
lenevo,AMD A9-Series 9420,8GB,256GB eMMC,Intel Iris Xe Graphics,38556.98426
MSI,Intel Atom x5-Z8550,12GB,256GB eMMC,AMD Radeon RX 5600M,50765.72366
Dell,Intel Core i7,16GB,512GB NVMe SSD,NVIDIA GeForce GTX 1650,48098.86677
Asus,Intel Core i7,4GB,128GB PCIe SSD,NVIDIA GeForce GTX 1650,69002.64922
MSI,Intel Celeron Dual Core 3855U ,16GB,1TB SSHD,NVIDIA GeForce GTX 1650,63817.46112
Dell,Intel Xeon E3-1505M ,8GB,1TB NVMe SSD,AMD Radeon RX 5600M,83982.79077
Microsoft,AMD Ryzen 7,12GB,4TB HDD,AMD Radeon RX 5600M,36477.72078
Apple,AMD Ryzen 7,8GB,1TB Fusion Drive,AMD Radeon RX 5600M,46432.46167
Apple,AMD Ryzen 5,16GB,128GB PCIe SSD,Intel Iris Xe Graphics,42015.53292
Chuwi,Intel Atom x5-Z8550,8GB,128GB PCIe SSD,AMD Radeon RX 5600M,42170.91199
lenevo,Intel Pentium Quad Core N4200,4GB,512GB eMMC,NVIDIA GeForce GTX 1650,58499.86379
Microsoft,Intel Atom x5-Z8550,8GB,128GB PCIe SSD,Intel Iris Xe Graphics,58085.82846
MSI,Intel Pentium Quad Core N4200,8GB,512GB SSD,Intel Iris Xe Graphics,68556.38435
Dell,Intel Celeron Dual Core 3855U ,12GB,256GB SSD,NVIDIA GeForce GTX 1650,49844.82981
MSI,AMD Ryzen 7,12GB,1TB Fusion Drive,Intel Iris Xe Graphics,47409.56663
Acer,Intel Pentium Quad Core N4200,4GB,256GB PCIe SSD,AMD Radeon RX 5600M,50521.99329
MSI,AMD Ryzen 5,8GB,6TB HDD,Intel Iris Xe Graphics,48127.23147
Acer,Intel Xeon E3-1505M ,12GB,512GB NVMe SSD,Intel Iris Xe Graphics,43768.42371
Acer,Intel Atom x5-Z8550,4GB,512GB SSD,Intel Iris Xe Graphics,57929.62443
MSI,AMD Ryzen 5,12GB,256GB PCIe SSD,NVIDIA GeForce GTX 1650,37484.22666
lenevo,Intel Core i7,12GB,6TB HDD,AMD Radeon RX 5600M,58064.8502
lenevo,Intel Atom x5-Z8550,8GB,1TB HDD,Intel Iris Xe Graphics,65190.29942
hp,AMD Ryzen 7,12GB,1TB NVMe SSD,NVIDIA GeForce GTX 1650,66335.37196
Asus,Intel Pentium Quad Core N4200,12GB,2TB NVMe SSD,NVIDIA GeForce GTX 1650,44768.30678
Microsoft,Intel Celeron Dual Core 3855U ,4GB,1TB HDD,NVIDIA GeForce GTX 1650,30737.90655
hp,Intel Core i9,4GB,256GB eMMC,AMD Radeon RX 5600M,31747.89909
Asus,Intel Celeron Dual Core 3855U ,8GB,256GB SSD,AMD Radeon RX 5600M,61239.32402
MSI,Intel Celeron Dual Core 3855U ,4GB,128GB PCIe SSD,Intel Iris Xe Graphics,55867.89687
lenevo,AMD A9-Series 9420,16GB,2TB HDD,NVIDIA GeForce GTX 1650,34949.84714
hp,Intel Celeron Dual Core 3855U ,8GB,512GB NVMe SSD,NVIDIA GeForce GTX 1650,50099.27522
MSI,Intel Celeron Dual Core 3855U ,12GB,512GB NVMe SSD,AMD Radeon RX 5600M,31329.90654
Microsoft,Intel Pentium Quad Core N4200,8GB,512GB eMMC,Intel Iris Xe Graphics,52946.83581
Acer,Intel Core i9,8GB,128GB SSD,AMD Radeon RX 5600M,69976.23693
Chuwi,Intel Pentium Quad Core N4200,12GB,1TB NVMe SSD,AMD Radeon RX 5600M,48323.81384
Chuwi,Intel Core i9,4GB,256GB SSD,Intel Iris Xe Graphics,49180.70355
Microsoft,AMD A9-Series 9420,4GB,256GB PCIe SSD,AMD Radeon RX 5600M,38905.59433
hp,Intel Pentium Quad Core N4200,12GB,256GB PCIe SSD,NVIDIA GeForce GTX 1650,79698.45915
Asus,Intel Pentium Quad Core N4200,8GB,256GB SSD,AMD Radeon RX 5600M,51060.12205
Apple,Intel Core i5,4GB,256GB Flash Storage,Intel Iris Xe Graphics,40438.38271
lenevo,Intel Pentium Quad Core N4200,4GB,2TB SATA SSD,Intel Iris Xe Graphics,59806.46976
Asus,AMD A9-Series 9420,4GB,512GB SSD,NVIDIA GeForce GTX 1650,68528.69278
Microsoft,Intel Core i5,16GB,2TB NVMe SSD,Intel Iris Xe Graphics,69335.64281
hp,AMD Ryzen 5,16GB,4TB HDD,AMD Radeon RX 5600M,30357.69691
Microsoft,Intel Core i5,4GB,128GB PCIe SSD,NVIDIA GeForce GTX 1650,58294.42036
Microsoft,Intel Celeron Dual Core 3855U ,8GB,256GB Flash Storage,Intel Iris Xe Graphics,43896.75408
lenevo,Intel Xeon E3-1505M ,12GB,256GB SSD,AMD Radeon RX 5600M,69833.95884
MSI,AMD Ryzen 7,12GB,2TB NVMe SSD,AMD Radeon RX 5600M,63774.06624
Apple,AMD Ryzen 5,4GB,128GB PCIe SSD,Intel Iris Xe Graphics,47037.11947
Dell,Intel Atom x5-Z8550,4GB,512GB SSD,NVIDIA GeForce GTX 1650,66441.20235
MSI,Intel Atom x5-Z8550,16GB,2TB NVMe SSD,AMD Radeon RX 5600M,32364.42985
Chuwi,Intel Atom x5-Z8550,4GB,512GB eMMC,Intel Iris Xe Graphics,49402.19781
Acer,AMD A9-Series 9420,12GB,2TB SATA SSD,Intel Iris Xe Graphics,40606.46341
MSI,Intel Core i9,4GB,256GB PCIe SSD,NVIDIA GeForce GTX 1650,41026.1082
lenevo,Intel Xeon E3-1505M ,8GB,1TB NVMe SSD,NVIDIA GeForce GTX 1650,33751.4851
Microsoft,Intel Core i9,4GB,2TB SATA SSD,Intel Iris Xe Graphics,55874.37306
hp,Intel Xeon E3-1505M ,8GB,4TB HDD,AMD Radeon RX 5600M,49870.66484
hp,AMD A9-Series 9420,8GB,128GB SSD,AMD Radeon RX 5600M,40254.53327
Microsoft,Intel Celeron Dual Core 3855U ,8GB,2TB SATA SSD,NVIDIA GeForce GTX 1650,57272.69778
lenevo,AMD Ryzen 7,16GB,128GB PCIe SSD,NVIDIA GeForce GTX 1650,48214.60689
Asus,Intel Core i9,12GB,1TB Fusion Drive,Intel Iris Xe Graphics,58926.55368
Dell,Intel Celeron Dual Core 3855U ,4GB,4TB HDD,Intel Iris Xe Graphics,63873.99292